Entity,Code,Year,Renewable internal freshwater resources per capita (cubic meters)
Afghanistan,AFG,1962,5042.00314774983
Afghanistan,AFG,1967,4533.68174573382
Afghanistan,AFG,1972,3998.73736581331
Afghanistan,AFG,1977,3579.75457840361
Afghanistan,AFG,1982,3659.99876732173
Afghanistan,AFG,1987,4063.06567310133
Afghanistan,AFG,1992,3254.96945471771
Afghanistan,AFG,1997,2435.79547914293
Afghanistan,AFG,2002,2086.2117377042
Afghanistan,AFG,2007,1739.81760217194
Afghanistan,AFG,2012,1513.09098076471
Afghanistan,AFG,2017,1299.03724396258
Africa Eastern and Southern,,1962,17887.7868664108
Africa Eastern and Southern,,1967,15681.6603779404
Africa Eastern and Southern,,1972,13668.4114866414
Africa Eastern and Southern,,1977,11750.4380157415
Africa Eastern and Southern,,1982,10072.1363577634
Africa Eastern and Southern,,1987,8719.41820022031
Africa Eastern and Southern,,1992,7579.28123956217
Africa Eastern and Southern,,1997,5792.89649556101
Africa Eastern and Southern,,2002,5095.33908179286
Africa Eastern and Southern,,2007,4470.26443606075
Africa Eastern and Southern,,2012,3626.85555369787
Africa Eastern and Southern,,2017,3169.93516288981
Africa Western and Central,,1962,18888.642139808
Africa Western and Central,,1967,16920.7533783528
Africa Western and Central,,1972,15040.9010558531
Africa Western and Central,,1977,13218.8876405343
Africa Western and Central,,1982,11527.3709421309
Africa Western and Central,,1987,10051.6461270128
Africa Western and Central,,1992,8790.03585049672
Africa Western and Central,,1997,7698.0298138283
Africa Western and Central,,2002,6735.81924201064
Africa Western and Central,,2007,5882.22798237114
Africa Western and Central,,2012,5127.55112947883
Africa Western and Central,,2017,4479.8836953816
Albania,ALB,1962,15718.869480208
Albania,ALB,1967,13685.4026102998
Albania,ALB,1972,11992.1930377518
Albania,ALB,1977,10702.0122170034
Albania,ALB,1982,9661.39157081297
Albania,ALB,1987,8723.55570833489
Albania,ALB,1992,8284.47086715004
Albania,ALB,1997,8544.34531098082
Albania,ALB,2002,8816.75248524259
Albania,ALB,2007,9057.18721475332
Albania,ALB,2012,9274.57961847344
Albania,ALB,2017,9361.54604018783
Algeria,DZA,1962,968.172678631732
Algeria,DZA,1967,847.456350348248
Algeria,DZA,1972,735.967937180655
Algeria,DZA,1977,639.8262311579
Algeria,DZA,1982,550.044221110736
Algeria,DZA,1987,473.200310907326
Algeria,DZA,1992,416.229933554903
Algeria,DZA,1997,378.240512551197
Algeria,DZA,2002,353.161549277337
Algeria,DZA,2007,329.265311627227
Algeria,DZA,2012,300.931692544964
Algeria,DZA,2017,271.810208147667
Andorra,AND,1962,20521.4903439756
Andorra,AND,1967,15202.3121387283
Andorra,AND,1972,11738.8878556816
Andorra,AND,1977,9631.05373981507
Andorra,AND,1982,8068.51591461076
Andorra,AND,1987,6512.72209496688
Andorra,AND,1992,5359.87228694677
Andorra,AND,1997,4906.86899468267
Andorra,AND,2002,4505.4819552307
Andorra,AND,2007,3817.03393725357
Andorra,AND,2012,3828.84249093137
Andorra,AND,2017,4098.8609945842
Angola,AGO,1962,26388.522133997
Angola,AGO,1967,25630.1909795582
Angola,AGO,1972,23683.9220574927
Angola,AGO,1977,19644.7642588468
Angola,AGO,1982,16530.8253539523
Angola,AGO,1987,13845.6899723619
Angola,AGO,1992,11692.8007346871
Angola,AGO,1997,9951.873278763
Angola,AGO,2002,8447.76921242475
Angola,AGO,2007,7079.52410290949
Angola,AGO,2012,5894.55321377613
Angola,AGO,2017,4963.64981732259
Antigua and Barbuda,ATG,1962,931.082024745295
Antigua and Barbuda,ATG,1967,849.118223383409
Antigua and Barbuda,ATG,1972,810.802382511616
Antigua and Barbuda,ATG,1977,836.523921366751
Antigua and Barbuda,ATG,1982,841.696341858206
Antigua and Barbuda,ATG,1987,842.610146970654
Antigua and Barbuda,ATG,1992,806.714345552987
Antigua and Barbuda,ATG,1997,725.173274575704
Antigua and Barbuda,ATG,2002,664.129351963013
Antigua and Barbuda,ATG,2007,618.833973985172
Antigua and Barbuda,ATG,2012,575.176700919177
Antigua and Barbuda,ATG,2017,544.930573749018
Arab World,,1962,1208.64903242926
Arab World,,1967,1052.72268715819
Arab World,,1972,917.915498570757
Arab World,,1977,793.147850203786
Arab World,,1982,676.923051844654
Arab World,,1987,584.306240827276
Arab World,,1992,514.914968051425
Arab World,,1997,454.374474263638
Arab World,,2002,409.01199372466
Arab World,,2007,365.122516828467
Arab World,,2012,303.633738876686
Arab World,,2017,274.778630301818
Argentina,ARG,1962,13804.1611225468
Argentina,ARG,1967,12790.8203261204
Argentina,ARG,1972,11844.317639937
Argentina,ARG,1977,10952.1642845647
Argentina,ARG,1982,10140.8078959386
Argentina,ARG,1987,9363.65288412855
Argentina,ARG,1992,8708.7957644235
Argentina,ARG,1997,8189.03478146691
Argentina,ARG,2002,7749.11075636814
Argentina,ARG,2007,7358.07303960964
Argentina,ARG,2012,6996.81556233634
Argentina,ARG,2017,6629.61182873506
Armenia,ARM,1992,1992.2621571851
Armenia,ARM,1997,2189.21885517802
Armenia,ARM,2002,2260.72981460631
Armenia,ARM,2007,2338.86821147679
Armenia,ARM,2012,2378.09696075811
Armenia,ARM,2017,2329.19913786692
Australia,AUS,1962,45801.5267175573
Australia,AUS,1967,41698.4490211035
Australia,AUS,1972,37337.7855354026
Australia,AUS,1977,34667.4182638106
Australia,AUS,1982,32415.3379891949
Australia,AUS,1987,30251.0467968937
Australia,AUS,1992,28122.3206630466
Australia,AUS,1997,26570.1787546579
Australia,AUS,2002,25036.384176191
Australia,AUS,2007,23622.5009122511
Australia,AUS,2012,21642.1033925097
Australia,AUS,2017,19998.4879192061
Austria,AUT,1962,7714.03213301123
Austria,AUT,1967,7455.60728090207
Austria,AUT,1972,7290.36779375311
Austria,AUT,1977,7267.02896109233
Austria,AUT,1982,7261.55048625983
Austria,AUT,1987,7261.12291813704
Austria,AUT,1992,7014.67175991355
Austria,AUT,1997,6902.57492399951
Austria,AUT,2002,6805.28243345021
Austria,AUT,2007,6630.11104712719
Austria,AUT,2012,6524.32487768967
Austria,AUT,2017,6251.72917145492
Azerbaijan,AZE,1992,1099.29558385261
Azerbaijan,AZE,1997,1035.30762606449
Azerbaijan,AZE,2002,993.031039103274
Azerbaijan,AZE,2007,945.660913847552
Azerbaijan,AZE,2012,872.976394460112
Azerbaijan,AZE,2017,823.520684373596
Bahamas,BHS,1962,5780.72870214382
Bahamas,BHS,1967,4586.52479016649
Bahamas,BHS,1972,3935.61336534299
Bahamas,BHS,1977,3551.49670218163
Bahamas,BHS,1982,3179.18812618652
Bahamas,BHS,1987,2877.52039956426
Bahamas,BHS,1992,2631.30196821387
Bahamas,BHS,1997,2435.94338867565
Bahamas,BHS,2002,2275.26108620964
Bahamas,BHS,2007,2074.76873738466
Bahamas,BHS,2012,1925.29312587842
Bahamas,BHS,2017,1833.66557607224
Bahrain,BHR,1962,23.1026914635555
Bahrain,BHR,1967,20.4019177802713
Bahrain,BHR,1972,17.4557387923247
Bahrain,BHR,1977,13.1939611239935
Bahrain,BHR,1982,10.3639562330128
Bahrain,BHR,1987,8.90906296702979
Bahrain,BHR,1992,7.6469846027965
Bahrain,BHR,1997,6.72351397734512
Bahrain,BHR,2002,5.44114046304105
Bahrain,BHR,2007,3.86128712144906
Bahrain,BHR,2012,3.07706036115457
Bahrain,BHR,2017,2.67723818785779
Bangladesh,BGD,1962,2068.8778701986
Bangladesh,BGD,1967,1778.62850802712
Bangladesh,BGD,1972,1575.96829067748
Bangladesh,BGD,1977,1429.27939830005
Bangladesh,BGD,1982,1251.01075711981
Bangladesh,BGD,1987,1097.50943855504
Bangladesh,BGD,1992,972.368905872356
Bangladesh,BGD,1997,873.830734376254
Bangladesh,BGD,2002,792.583968440303
Bangladesh,BGD,2007,736.013736007056
Bangladesh,BGD,2012,695.337838597161
Bangladesh,BGD,2017,657.542807242247
Barbados,BRB,1962,343.904085150651
Barbados,BRB,1967,338.036262840096
Barbados,BRB,1972,331.231394111534
Barbados,BRB,1977,321.374196062363
Barbados,BRB,1982,314.863939420178
Barbados,BRB,1987,310.063097840411
Barbados,BRB,1992,304.309787363536
Barbados,BRB,1997,298.303770186775
Barbados,BRB,2002,292.58694403909
Barbados,BRB,2007,287.045974000811
Barbados,BRB,2012,281.990003454378
Barbados,BRB,2017,279.496487078528
Belarus,BLR,1992,3328.11276429131
Belarus,BLR,1997,3360.68004349115
Belarus,BLR,2002,3446.33668601075
Belarus,BLR,2007,3556.13085850333
Belarus,BLR,2012,3592.37339129029
Belarus,BLR,2017,3579.60149349397
Belgium,BEL,1962,1301.43685135574
Belgium,BEL,1967,1252.48004094775
Belgium,BEL,1972,1235.69744565892
Belgium,BEL,1977,1220.7083404287
Belgium,BEL,1982,1217.49503845407
Belgium,BEL,1987,1215.77664724058
Belgium,BEL,1992,1194.60540093048
Belgium,BEL,1997,1178.63777956429
Belgium,BEL,2002,1161.35194915988
Belgium,BEL,2007,1129.33736130326
Belgium,BEL,2012,1080.40636244104
Belgium,BEL,2017,1054.93040184585
Belize,BLZ,1962,156686.380811566
Belize,BLZ,1967,135395.317061052
Belize,BLZ,1972,120013.841701271
Belize,BLZ,1977,111394.992335207
Belize,BLZ,1982,100735.381487398
Belize,BLZ,1987,87533.6281713732
Belize,BLZ,1992,78528.6428850785
Belize,BLZ,1997,68870.5855805032
Belize,BLZ,2002,58158.3691265192
Belize,BLZ,2007,51031.4984065197
Belize,BLZ,2012,45147.7954207236
Belize,BLZ,2017,40609.4072250682
Benin,BEN,1962,4115.23127000432
Benin,BEN,1967,3765.57228655786
Benin,BEN,1972,3384.19148872555
Benin,BEN,1977,2999.90243035785
Benin,BEN,1982,2622.38852748301
Benin,BEN,1987,2271.09260721872
Benin,BEN,1992,1931.8035824641
Benin,BEN,1997,1639.69814271551
Benin,BEN,2002,1411.84856210763
Benin,BEN,2007,1218.24433250264
Benin,BEN,2012,1058.66287384418
Benin,BEN,2017,921.684388062415
Bhutan,BTN,1962,405027.45659811
Bhutan,BTN,1967,351924.84367128
Bhutan,BTN,1972,299852.914254692
Bhutan,BTN,1977,255772.378736969
Bhutan,BTN,1982,221477.229809436
Bhutan,BTN,1987,192185.922684615
Bhutan,BTN,1992,177727.889247463
Bhutan,BTN,1997,146815.463837176
Bhutan,BTN,2002,131488.170122966
Bhutan,BTN,2007,117315.637723295
Bhutan,BTN,2012,111177.310706375
Bhutan,BTN,2017,104618.925563634
Bolivia,BOL,1962,79805.5007157515
Bolivia,BOL,1967,72112.8200912257
Bolivia,BOL,1972,64817.2985089672
Bolivia,BOL,1977,58049.9834265863
Bolivia,BOL,1982,52198.4939315596
Bolivia,BOL,1987,47106.672477783
Bolivia,BOL,1992,42382.8400748116
Bolivia,BOL,1997,38236.4468803784
Bolivia,BOL,2002,34714.1918250194
Bolivia,BOL,2007,31752.0498642142
Bolivia,BOL,2012,29245.4660132513
Bolivia,BOL,2017,27115.5173752394
Bosnia and Herzegovina,BIH,1992,8385.15397859022
Bosnia and Herzegovina,BIH,1997,9501.96329297899
Bosnia and Herzegovina,BIH,2002,9443.02385307825
Bosnia and Herzegovina,BIH,2007,9434.48626298936
Bosnia and Herzegovina,BIH,2012,9847.51060479804
Bosnia and Herzegovina,BIH,2017,10592.1646625098
Botswana,BWA,1962,4582.10268873967
Botswana,BWA,1967,4108.89953398231
Botswana,BWA,1972,3597.6830920887
Botswana,BWA,1977,2998.00632579335
Botswana,BWA,1982,2492.57679473319
Botswana,BWA,1987,2078.0948026849
Botswana,BWA,1992,1760.12309127485
Botswana,BWA,1997,1558.01259912855
Botswana,BWA,2002,1407.92438507436
Botswana,BWA,2007,1279.68741502076
Botswana,BWA,2012,1176.72958410944
Botswana,BWA,2017,1088.39786020981
Brazil,BRA,1962,73986.1418637024
Brazil,BRA,1967,64303.3747117579
Brazil,BRA,1972,56689.7125385948
Brazil,BRA,1977,50353.3934753814
Brazil,BRA,1982,44751.5817640648
Brazil,BRA,1987,40179.8244815238
Brazil,BRA,1992,36697.929983928
Brazil,BRA,1997,33855.8238051307
Brazil,BRA,2002,31531.0131576228
Brazil,BRA,2007,29774.2952213676
Brazil,BRA,2012,28406.2267251843
Brazil,BRA,2017,27238.1071752878
Brunei,BRN,1962,94989.0483214876
Brunei,BRN,1967,75591.8396385821
Brunei,BRN,1972,59852.8324472767
Brunei,BRN,1977,48650.1027375699
Brunei,BRN,1982,41249.3205994254
Brunei,BRN,1987,35779.6813503673
Brunei,BRN,1992,31034.5834793784
Brunei,BRN,1997,27246.9082772902
Brunei,BRN,2002,24511.4295354075
Brunei,BRN,2007,22668.6615088794
Brunei,BRN,2012,21303.418321441
Brunei,BRN,2017,20024.4533913179
Bulgaria,BGR,1962,2620.75895681813
Bulgaria,BGR,1967,2527.00708741254
Bulgaria,BGR,1972,2448.63692544484
Bulgaria,BGR,1977,2385.22983904355
Bulgaria,BGR,1982,2354.93145635578
Bulgaria,BGR,1987,2340.78248345652
Bulgaria,BGR,1992,2458.96917202058
Bulgaria,BGR,1997,2526.44708873893
Bulgaria,BGR,2002,2679.54173711628
Bulgaria,BGR,2007,2783.17551844596
Bulgaria,BGR,2012,2874.39391351195
Bulgaria,BGR,2017,2967.80063502454
Burkina Faso,BFA,1962,2519.99464551538
Burkina Faso,BFA,1967,2339.49869222023
Burkina Faso,BFA,1972,2145.85864731251
Burkina Faso,BFA,1977,1953.45067685503
Burkina Faso,BFA,1982,1746.23466404331
Burkina Faso,BFA,1987,1535.61144362218
Burkina Faso,BFA,1992,1344.50382968471
Burkina Faso,BFA,1997,1171.99747373601
Burkina Faso,BFA,2002,1016.83082790285
Burkina Faso,BFA,2007,877.06810026839
Burkina Faso,BFA,2012,754.318382220004
Burkina Faso,BFA,2017,651.271104049364
Burundi,BDI,1962,3460.23141587441
Burundi,BDI,1967,3092.32559176077
Burundi,BDI,1972,2818.19951788058
Burundi,BDI,1977,2609.9730026053
Burundi,BDI,1982,2296.9468188314
Burundi,BDI,1987,2001.13662969205
Burundi,BDI,1992,1769.39194652285
Burundi,BDI,1997,1643.21894504037
Burundi,BDI,2002,1500.57024652609
Burundi,BDI,2007,1279.53584646384
Burundi,BDI,2012,1088.03901193079
Burundi,BDI,2017,929.15772683317
Cambodia,KHM,1962,20005.1953790985
Cambodia,KHM,1967,18037.7959129585
Cambodia,KHM,1972,16515.7651606097
Cambodia,KHM,1977,16759.2129117645
Cambodia,KHM,1982,17428.2418155546
Cambodia,KHM,1987,14710.7579553364
Cambodia,KHM,1992,12531.3035808044
Cambodia,KHM,1997,10673.8944686392
Cambodia,KHM,2002,9542.86133439112
Cambodia,KHM,2007,8815.81976195386
Cambodia,KHM,2012,8159.42460224835
Cambodia,KHM,2017,7533.06820181352
Cameroon,CMR,1962,50567.4482702413
Cameroon,CMR,1967,45105.9320248648
Cameroon,CMR,1972,39754.3675196624
Cameroon,CMR,1977,34611.4158592043
Cameroon,CMR,1982,29781.3427632919
Cameroon,CMR,1987,25440.1756098979
Cameroon,CMR,1992,21840.8753822853
Cameroon,CMR,1997,19031.7589165533
Cameroon,CMR,2002,16689.4847992723
Cameroon,CMR,2007,14575.3270252243
Cameroon,CMR,2012,12706.3815404295
Cameroon,CMR,2017,11112.888630538
Canada,CAN,1962,153110.561942624
Canada,CAN,1967,139623.750734862
Canada,CAN,1972,128271.699081975
Canada,CAN,1977,120122.180695539
Canada,CAN,1982,113469.227265007
Canada,CAN,1987,107764.321018039
Canada,CAN,1992,100453.754897914
Canada,CAN,1997,95298.7679909027
Canada,CAN,2002,90879.8731023605
Canada,CAN,2007,86655.0467823233
Canada,CAN,2012,82098.9161157061
Canada,CAN,2017,77985.4150855808
Cape Verde,CPV,1962,1427.61288848916
Cape Verde,CPV,1967,1212.01347758987
Cape Verde,CPV,1972,1103.58628757251
Cape Verde,CPV,1977,1097.55428320559
Cape Verde,CPV,1982,1019.56199616645
Cape Verde,CPV,1987,934.180739061522
Cape Verde,CPV,1992,843.258011653826
Cape Verde,CPV,1997,742.118699412242
Cape Verde,CPV,2002,677.269700082401
Cape Verde,CPV,2007,631.48987405987
Cape Verde,CPV,2012,593.776039553401
Cape Verde,CPV,2017,558.140573284787
Caribbean Small States,,1962,85348.6854511748
Caribbean Small States,,1967,78848.0815930888
Caribbean Small States,,1972,74128.3964409688
Caribbean Small States,,1977,70065.1991622557
Caribbean Small States,,1982,66141.4172052129
Caribbean Small States,,1987,63034.3250514859
Caribbean Small States,,1992,60786.7053702536
Caribbean Small States,,1997,58253.9827619157
Caribbean Small States,,2002,56257.0647600608
Caribbean Small States,,2007,54376.4928526
Caribbean Small States,,2012,52537.1007148674
Caribbean Small States,,2017,50796.7512039717
Central African Republic,CAF,1962,90855.9012518783
Central African Republic,CAF,1967,82537.9059723492
Central African Republic,CAF,1972,75490.4469784012
Central African Republic,CAF,1977,69120.560964825
Central African Republic,CAF,1982,60376.6733651945
Central African Republic,CAF,1987,53271.1509137703
Central African Republic,CAF,1992,47647.4333240066
Central African Republic,CAF,1997,41563.1028123777
Central African Republic,CAF,2002,37084.486086611
Central African Republic,CAF,2007,33587.3905789513
Central African Republic,CAF,2012,31782.4475685413
Central African Republic,CAF,2017,30678.6976479448
Central Europe and the Baltics,,1962,1833.88749104716
Central Europe and the Baltics,,1967,1755.64757691868
Central Europe and the Baltics,,1972,1691.88173017565
Central Europe and the Baltics,,1977,1620.34621494081
Central Europe and the Baltics,,1982,1570.04001087002
Central Europe and the Baltics,,1987,1533.38634559234
Central Europe and the Baltics,,1992,2375.55697291218
Central Europe and the Baltics,,1997,2286.65140715333
Central Europe and the Baltics,,2002,2339.29116009255
Central Europe and the Baltics,,2007,2374.38767065253
Central Europe and the Baltics,,2012,2407.362625282
Central Europe and the Baltics,,2017,2435.36899008389
Chad,TCD,1962,4805.80387322161
Chad,TCD,1967,4367.04488186707
Chad,TCD,1972,3931.58723680972
Chad,TCD,1977,3525.06390940868
Chad,TCD,1982,3179.20747444394
Chad,TCD,1987,2771.18645946567
Chad,TCD,1992,2359.69972663665
Chad,TCD,1997,1999.06870052805
Chad,TCD,2002,1663.11388582568
Chad,TCD,2007,1386.5739523209
Chad,TCD,2012,1173.2730281426
Chad,TCD,2017,998.883847189151
Chile,CHL,1962,104401.434723445
Chile,CHL,1967,95037.7310531008
Chile,CHL,1972,87591.8910693386
Chile,CHL,1977,81023.3514792072
Chile,CHL,1982,75358.2133512785
Chile,CHL,1987,69999.6685891397
Chile,CHL,1992,64505.2288594499
Chile,CHL,1997,59852.9969815829
Chile,CHL,2002,56425.4460782179
Chile,CHL,2007,53538.3689526824
Chile,CHL,2012,50861.0195916073
Chile,CHL,2017,47914.4102453461
China,CHN,1962,4225.18287096144
China,CHN,1967,3728.04983102511
China,CHN,1972,3263.2274978829
China,CHN,1977,2981.59424667843
China,CHN,1982,2788.93152097399
China,CHN,1987,2594.93466539364
China,CHN,1992,2414.65445462115
China,CHN,1997,2286.8524276975
China,CHN,2002,2196.9696969697
China,CHN,2007,2134.48062615479
China,CHN,2012,2082.63153413613
China,CHN,2017,2029.00327828649
Colombia,COL,1962,125490.561325424
Colombia,COL,1967,108128.500817744
Colombia,COL,1972,95263.7738426462
Colombia,COL,1977,85238.9775074009
Colombia,COL,1982,76329.564942119
Colombia,COL,1987,68760.1002416477
Colombia,COL,1992,62313.770431073
Colombia,COL,1997,56860.6510854698
Colombia,COL,2002,52476.5981894766
Colombia,COL,2007,49042.5701397921
Colombia,COL,2012,46553.8021640508
Colombia,COL,2017,43856.2020357292
Comoros,COM,1962,6085.1309824444
Comoros,COM,1967,5558.12876331635
Comoros,COM,1972,5016.114267083
Comoros,COM,1977,4349.35466450165
Comoros,COM,1982,3670.35333268083
Comoros,COM,1987,3186.00705700563
Comoros,COM,1992,2749.43063873856
Comoros,COM,1997,2390.65254853523
Comoros,COM,2002,2107.18550256374
Comoros,COM,2007,1870.25422989165
Comoros,COM,2012,1657.7676776747
Comoros,COM,2017,1474.40071754168
Congo,COG,1962,207624.883561721
Congo,COG,1967,182034.804726673
Congo,COG,1972,157837.484269575
Congo,COG,1977,136261.691191725
Congo,COG,1982,117779.818587247
Congo,COG,1987,102242.00129046
Congo,COG,1992,89158.5958725996
Congo,COG,1997,77425.2140440968
Congo,COG,2002,67061.8685007383
Congo,COG,2007,57273.7242858392
Congo,COG,2012,49221.7967419162
Congo,COG,2017,43438.2680575522
Costa Rica,CRI,1962,78836.512607563
Costa Rica,CRI,1967,66598.2217685423
Costa Rica,CRI,1972,58122.4892884881
Costa Rica,CRI,1977,51232.8064061864
Costa Rica,CRI,1982,44781.5965867705
Costa Rica,CRI,1987,39170.0660275591
Costa Rica,CRI,1992,34382.8207605297
Costa Rica,CRI,1997,30384.904134283
Costa Rica,CRI,2002,27554.7791447874
Costa Rica,CRI,2007,25654.8456100473
Costa Rica,CRI,2012,24104.080138174
Costa Rica,CRI,2017,22828.4903600134
Cote d'Ivoire,CIV,1962,20377.8764788812
Cote d'Ivoire,CIV,1967,16909.5860892467
Cote d'Ivoire,CIV,1972,13780.4235489576
Cote d'Ivoire,CIV,1977,10935.7479267407
Cote d'Ivoire,CIV,1982,8766.69468342865
Cote d'Ivoire,CIV,1987,7182.52474157306
Cote d'Ivoire,CIV,1992,5997.30199459462
Cote d'Ivoire,CIV,1997,5078.42545546881
Cote d'Ivoire,CIV,2002,4459.26507202868
Cote d'Ivoire,CIV,2007,4008.08502314664
Cote d'Ivoire,CIV,2012,3566.12658691241
Cote d'Ivoire,CIV,2017,3144.35104281437
Croatia,HRV,1992,8238.96404970652
Croatia,HRV,1997,8313.26682719872
Croatia,HRV,2002,8763.01144491134
Croatia,HRV,2007,8746.6593909309
Croatia,HRV,2012,8834.09200296751
Croatia,HRV,2017,9140.4331789481
Cuba,CUB,1962,5114.35178073223
Cuba,CUB,1967,4611.45414077008
Cuba,CUB,1972,4223.66032020708
Cuba,CUB,1977,3951.83898391709
Cuba,CUB,1982,3834.88891799595
Cuba,CUB,1987,3705.77578987124
Cuba,CUB,1992,3550.54298532113
Cuba,CUB,1997,3468.69304341417
Cuba,CUB,2002,3403.67353877759
Cuba,CUB,2007,3388.10804296142
Cuba,CUB,2012,3386.30369849745
Cuba,CUB,2017,3361.77288543207
Cyprus,CYP,1962,1350.19110397164
Cyprus,CYP,1967,1319.12511563485
Cyprus,CYP,1972,1242.03426103739
Cyprus,CYP,1977,1172.01410624158
Cyprus,CYP,1982,1127.63041479451
Cyprus,CYP,1987,1078.26548555124
Cyprus,CYP,1992,974.257128939184
Cyprus,CYP,1997,875.234237368014
Cyprus,CYP,2002,798.388483553197
Cyprus,CYP,2007,733.283946346178
Cyprus,CYP,2012,687.196818454935
Cyprus,CYP,2017,661.193454184804
Czechia,CZE,1997,1276.18719133132
Czechia,CZE,2002,1289.60560232133
Czechia,CZE,2007,1276.84431665428
Czechia,CZE,2012,1251.09589816555
Czechia,CZE,2017,1241.21732554384
Democratic Republic of Congo,COD,1962,56105.5737334151
Democratic Republic of Congo,COD,1967,48969.9444245542
Democratic Republic of Congo,COD,1972,42610.8924804085
Democratic Republic of Congo,COD,1977,37114.7381924306
Democratic Republic of Congo,COD,1982,32470.7033980555
Democratic Republic of Congo,COD,1987,28545.4187108623
Democratic Republic of Congo,COD,1992,24106.7659736855
Democratic Republic of Congo,COD,1997,20535.1969739516
Democratic Republic of Congo,COD,2002,18046.3176789548
Democratic Republic of Congo,COD,2007,15396.8046532291
Democratic Republic of Congo,COD,2012,13039.5571337541
Democratic Republic of Congo,COD,2017,11056.6788083333
Denmark,DNK,1962,1290.95362098505
Denmark,DNK,1967,1240.8605450604
Denmark,DNK,1972,1202.02035581405
Denmark,DNK,1977,1179.14817942469
Denmark,DNK,1982,1172.37646571483
Denmark,DNK,1987,1170.26953647964
Denmark,DNK,1992,1160.23413524849
Denmark,DNK,1997,1135.29048583053
Denmark,DNK,2002,1116.08575333277
Denmark,DNK,2007,1098.61175756275
Denmark,DNK,2012,1073.04350189893
Denmark,DNK,2017,1040.76683700551
Djibouti,DJI,1962,3184.61195503328
Djibouti,DJI,1967,2283.01814999429
Djibouti,DJI,1972,1673.76155592874
Djibouti,DJI,1977,1081.1901741437
Djibouti,DJI,1982,778.678737917502
Djibouti,DJI,1987,611.824112804051
Djibouti,DJI,1992,487.765222339647
Djibouti,DJI,1997,453.955312639024
Djibouti,DJI,2002,401.634921888702
Djibouti,DJI,2007,372.459824000318
Djibouti,DJI,2012,345.567975524572
Djibouti,DJI,2017,317.762948840165
Dominica,DMA,1962,3226.95149891897
Dominica,DMA,1967,2954.77713593452
Dominica,DMA,1972,2788.19478328756
Dominica,DMA,1977,2723.20030499843
Dominica,DMA,1982,2666.24006825575
Dominica,DMA,1987,2783.88686283789
Dominica,DMA,1992,2835.02962605959
Dominica,DMA,1997,2833.18223028105
Dominica,DMA,2002,2863.68843069874
Dominica,DMA,2007,2824.97845953925
Dominica,DMA,2012,2818.72762634947
Dominica,DMA,2017,2798.76854184159
Dominican Republic,DOM,1962,6674.20615287965
Dominican Republic,DOM,1967,5699.59496495355
Dominican Republic,DOM,1972,4941.68392400826
Dominican Republic,DOM,1977,4345.81921096197
Dominican Republic,DOM,1982,3872.92265081284
Dominican Republic,DOM,1987,3491.86395698024
Dominican Republic,DOM,1992,3172.1010607101
Dominican Republic,DOM,1997,2906.83039584722
Dominican Republic,DOM,2002,2693.41776835094
Dominican Republic,DOM,2007,2516.36817186174
Dominican Republic,DOM,2012,2366.34767628686
Dominican Republic,DOM,2017,2235.3040883902
Early-demographic dividend,,1962,12007.8305584198
Early-demographic dividend,,1967,10652.3706488383
Early-demographic dividend,,1972,9435.81312879278
Early-demographic dividend,,1977,8359.26394474333
Early-demographic dividend,,1982,7384.64193010624
Early-demographic dividend,,1987,6531.08282845377
Early-demographic dividend,,1992,5797.65196517292
Early-demographic dividend,,1997,5167.13038656032
Early-demographic dividend,,2002,4721.58361471757
Early-demographic dividend,,2007,4351.80607075275
Early-demographic dividend,,2012,4035.78609945109
Early-demographic dividend,,2017,3773.75398990277
East Asia & Pacific,,1962,9693.10323161776
East Asia & Pacific,,1967,8589.27406590891
East Asia & Pacific,,1972,7566.87698584132
East Asia & Pacific,,1977,6883.95511795984
East Asia & Pacific,,1982,6380.46303489616
East Asia & Pacific,,1987,5901.34703703096
East Asia & Pacific,,1992,5478.49782539342
East Asia & Pacific,,1997,5162.51553164024
East Asia & Pacific,,2002,4928.73234415963
East Asia & Pacific,,2007,4748.52431344839
East Asia & Pacific,,2012,4584.42403634346
East Asia & Pacific,,2017,4430.363753849
East Asia & Pacific (IDA & IBRD),,1962,9747.14610284336
East Asia & Pacific (IDA & IBRD),,1967,8572.56364605506
East Asia & Pacific (IDA & IBRD),,1972,7505.54787566563
East Asia & Pacific (IDA & IBRD),,1977,6803.25589702001
East Asia & Pacific (IDA & IBRD),,1982,6284.57469095093
East Asia & Pacific (IDA & IBRD),,1987,5784.4131394516
East Asia & Pacific (IDA & IBRD),,1992,5343.91258725211
East Asia & Pacific (IDA & IBRD),,1997,5018.39562998919
East Asia & Pacific (IDA & IBRD),,2002,4774.20908545814
East Asia & Pacific (IDA & IBRD),,2007,4589.34024045942
East Asia & Pacific (IDA & IBRD),,2012,4426.77844311037
East Asia & Pacific (IDA & IBRD),,2017,4268.29246943025
East Asia & Pacific (excluding high income),,1962,9693.38217452445
East Asia & Pacific (excluding high income),,1967,8527.56011769369
East Asia & Pacific (excluding high income),,1972,7465.47779892589
East Asia & Pacific (excluding high income),,1977,6766.83650845281
East Asia & Pacific (excluding high income),,1982,6251.70726483594
East Asia & Pacific (excluding high income),,1987,5754.66564134425
East Asia & Pacific (excluding high income),,1992,5316.74059262981
East Asia & Pacific (excluding high income),,1997,4992.76594320733
East Asia & Pacific (excluding high income),,2002,4750.18148848855
East Asia & Pacific (excluding high income),,2007,4566.45977126109
East Asia & Pacific (excluding high income),,2012,4405.31806586879
East Asia & Pacific (excluding high income),,2017,4248.19968362791
Ecuador,ECU,1962,91990.4665937785
Ecuador,ECU,1967,79568.1592830808
Ecuador,ECU,1972,68809.1552260818
Ecuador,ECU,1977,59915.654901538
Ecuador,ECU,1982,52607.8210611083
Ecuador,ECU,1987,46459.0613127289
Ecuador,ECU,1992,41283.5565373361
Ecuador,ECU,1997,37016.4072882495
Ecuador,ECU,2002,33659.3128219994
Ecuador,ECU,2007,30944.5199171772
Ecuador,ECU,2012,28589.7098112142
Ecuador,ECU,2017,26356.3072478177
Egypt,EGY,1962,35.5716712616966
Egypt,EGY,1967,31.1949156280475
Egypt,EGY,1972,27.698782389225
Egypt,EGY,1977,24.7956903304916
Egypt,EGY,1982,21.959057556776
Egypt,EGY,1987,19.2338407271807
Egypt,EGY,1992,17.0454123193195
Egypt,EGY,1997,15.4101561774639
Egypt,EGY,2002,13.988940120118
Egypt,EGY,2007,12.7824728368617
Egypt,EGY,2012,11.5710955883578
Egypt,EGY,2017,10.368862968114
El Salvador,SLV,1962,5332.31076693503
El Salvador,SLV,1967,4614.18014609504
El Salvador,SLV,1972,4041.56894585642
El Salvador,SLV,1977,3602.66832563051
El Salvador,SLV,1982,3299.37837431627
El Salvador,SLV,1987,3084.34225661372
El Salvador,SLV,1992,2885.71941834383
El Salvador,SLV,1997,2720.01681781352
El Salvador,SLV,2002,2621.54236927385
El Salvador,SLV,2007,2559.85692316007
El Salvador,SLV,2012,2505.64210325169
El Salvador,SLV,2017,2446.72770910521
Equatorial Guinea,GNQ,1962,99153.7607877385
Equatorial Guinea,GNQ,1967,89106.399895814
Equatorial Guinea,GNQ,1972,89807.5355430593
Equatorial Guinea,GNQ,1977,107367.030062768
Equatorial Guinea,GNQ,1982,91344.0931990809
Equatorial Guinea,GNQ,1987,67889.1943902637
Equatorial Guinea,GNQ,1992,58130.565722194
Equatorial Guinea,GNQ,1997,48465.9591879342
Equatorial Guinea,GNQ,2002,39490.3916839311
Equatorial Guinea,GNQ,2007,31642.2575046916
Equatorial Guinea,GNQ,2012,25213.5637335857
Equatorial Guinea,GNQ,2017,20602.0881008678
Eritrea,ERI,1997,1275.51485245937
Eritrea,ERI,2002,1128.55034886313
Eritrea,ERI,2007,934.411020710553
Eritrea,ERI,2012,861.510893189879
Eritrea,ERI,2017,820.418096782379
Estonia,EST,1992,8290.44068486476
Estonia,EST,1997,9081.58781309506
Estonia,EST,2002,9214.48508355385
Estonia,EST,2007,9480.26374675538
Estonia,EST,2012,9609.16189358704
Estonia,EST,2017,9647.90827883138
Eswatini,SWZ,1962,7539.51821336265
Eswatini,SWZ,1967,6687.60766035059
Eswatini,SWZ,1972,5776.31230595201
Eswatini,SWZ,1977,4960.04719560059
Eswatini,SWZ,1982,4191.7270550577
Eswatini,SWZ,1987,3526.42279137736
Eswatini,SWZ,1992,3045.00025951707
Eswatini,SWZ,1997,2740.24927964659
Eswatini,SWZ,2002,2590.63798385561
Eswatini,SWZ,2007,2532.00735433045
Eswatini,SWZ,2012,2446.06382929439
Eswatini,SWZ,2017,2347.06723280773
Ethiopia,ETH,1997,2009.96934912069
Ethiopia,ETH,2002,1739.32655841878
Ethiopia,ETH,2007,1512.25278649
Ethiopia,ETH,2012,1315.69039958617
Ethiopia,ETH,2017,1146.61733881281
Euro area,,1962,3614.71615733067
Euro area,,1967,3464.4485588735
Euro area,,1972,3360.18035027702
Euro area,,1977,3278.14857630182
Euro area,,1982,3218.7062118187
Euro area,,1987,3188.35003717683
Euro area,,1992,3225.79825280978
Euro area,,1997,3165.09271789923
Euro area,,2002,3112.71714551142
Euro area,,2007,3032.99315683419
Euro area,,2012,3001.28779162161
Euro area,,2017,2956.79811233924
Europe & Central Asia,,1992,8553.897234592
Europe & Central Asia,,1997,8334.00653283043
Europe & Central Asia,,2002,8978.89247079243
Europe & Central Asia,,2007,8774.8775565901
Europe & Central Asia,,2012,7937.10662612083
Europe & Central Asia,,2017,7755.40308394923
Europe & Central Asia (IDA & IBRD),,1992,12164.5405068272
Europe & Central Asia (IDA & IBRD),,1997,12069.7874924261
Europe & Central Asia (IDA & IBRD),,2002,12082.5907052096
Europe & Central Asia (IDA & IBRD),,2007,11835.288865823
Europe & Central Asia (IDA & IBRD),,2012,11589.9590430615
Europe & Central Asia (IDA & IBRD),,2017,11281.1998883802
Europe & Central Asia (excluding high income),,1992,13305.0407335963
Europe & Central Asia (excluding high income),,1997,13198.2163384596
Europe & Central Asia (excluding high income),,2002,13191.2031101349
Europe & Central Asia (excluding high income),,2007,12886.4936100118
Europe & Central Asia (excluding high income),,2012,12587.8927397726
Europe & Central Asia (excluding high income),,2017,12211.2610792845
European Union,,1962,3654.58235118567
European Union,,1967,3502.21718010803
European Union,,1972,3392.2979419028
European Union,,1977,3298.07549849438
European Union,,1982,3230.74300516284
European Union,,1987,3191.3210333817
European Union,,1992,3274.88416420228
European Union,,1997,3180.39647315787
European Union,,2002,3155.71471366379
European Union,,2007,3101.11403536342
European Union,,2012,3080.54602686567
European Union,,2017,3047.47224625951
Fiji,FJI,1962,67706.4929459557
Fiji,FJI,1967,58507.3354468382
Fiji,FJI,1972,52593.4754615976
Fiji,FJI,1977,47718.6156085837
Fiji,FJI,1982,42721.5497672386
Fiji,FJI,1987,39555.2082640598
Fiji,FJI,1992,38349.4297956936
Fiji,FJI,1997,36014.5117668429
Fiji,FJI,2002,35019.631846154
Fiji,FJI,2007,34143.1620992962
Fiji,FJI,2012,33003.300330033
Fiji,FJI,2017,32537.0957080665
Finland,FIN,1962,23823.0786854024
Finland,FIN,1967,23231.8600425903
Finland,FIN,1972,23062.0496299619
Finland,FIN,1977,22579.0700039798
Finland,FIN,1982,22167.2851062984
Finland,FIN,1987,21694.5116737762
Finland,FIN,1992,21221.7710777804
Finland,FIN,1997,20817.7888978926
Finland,FIN,2002,20574.5570028677
Finland,FIN,2007,20231.7384924897
Finland,FIN,2012,19763.6817781255
Finland,FIN,2017,19425.5343020442
Fragile and conflict affected situations,,1962,27145.8706863668
Fragile and conflict affected situations,,1967,24140.6546988699
Fragile and conflict affected situations,,1972,21357.1495855102
Fragile and conflict affected situations,,1977,18705.78243492
Fragile and conflict affected situations,,1982,16420.4504847098
Fragile and conflict affected situations,,1987,14645.7732916652
Fragile and conflict affected situations,,1992,12464.0173053975
Fragile and conflict affected situations,,1997,9813.75730594082
Fragile and conflict affected situations,,2002,8691.65289288803
Fragile and conflict affected situations,,2007,7663.57411146124
Fragile and conflict affected situations,,2012,6405.45943847828
Fragile and conflict affected situations,,2017,5723.0104128377
France,FRA,1962,4174.94009326273
France,FRA,1967,3938.88520252999
France,FRA,1972,3788.37019976322
France,FRA,1977,3671.90035475882
France,FRA,1982,3589.44373313634
France,FRA,1987,3490.24046744651
France,FRA,1992,3398.4004680549
France,FRA,1997,3335.28775637044
France,FRA,2002,3235.97021651844
France,FRA,2007,3124.20786685851
France,FRA,2012,3046.00314585113
France,FRA,2017,2988.73158530393
French Polynesia,PYF,2002,40164.5138487244
French Polynesia,PYF,2007,38063.772043682
Gabon,GAB,1962,320760.436938302
Gabon,GAB,1967,296000.028878052
Gabon,GAB,1972,268103.088907235
Gabon,GAB,1977,242508.842700484
Gabon,GAB,1982,214678.79340046
Gabon,GAB,1987,187670.720277936
Gabon,GAB,1992,163579.110947532
Gabon,GAB,1997,143691.756649248
Gabon,GAB,2002,127298.553919476
Gabon,GAB,2007,111370.296048052
Gabon,GAB,2012,93731.5858869951
Gabon,GAB,2017,79426.1172445724
Gambia,GMB,1962,7897.10597389743
Gambia,GMB,1967,7031.98616105124
Gambia,GMB,1972,6092.31069159911
Gambia,GMB,1977,5201.51537481253
Gambia,GMB,1982,4424.05446895862
Gambia,GMB,1987,3610.06051664779
Gambia,GMB,1992,2919.77622834986
Gambia,GMB,1997,2498.91297285681
Gambia,GMB,2002,2136.35195116584
Gambia,GMB,2007,1829.44008156864
Gambia,GMB,2012,1574.78661641348
Gambia,GMB,2017,1355.07475495732
Georgia,GEO,1992,11927.7726479943
Georgia,GEO,1997,13363.4856605178
Georgia,GEO,2002,14610.979222147
Georgia,GEO,2007,15058.96908883
Georgia,GEO,2012,15589.1564048557
Georgia,GEO,2017,15592.7944283322
Germany,DEU,1962,1445.44230696699
Germany,DEU,1967,1390.48917877137
Germany,DEU,1972,1359.79292107564
Germany,DEU,1977,1368.98995179287
Germany,DEU,1982,1365.95687717543
Germany,DEU,1987,1374.6160067996
Germany,DEU,1992,1327.13840011953
Germany,DEU,1997,1304.32496727516
Germany,DEU,2002,1297.15059051568
Germany,DEU,2007,1300.65295695792
Germany,DEU,2012,1330.41846522354
Germany,DEU,2017,1294.50618109764
Ghana,GHA,1962,4284.52286111104
Ghana,GHA,1967,3725.65276694886
Ghana,GHA,1972,3282.90160829675
Ghana,GHA,1977,2914.73589462624
Ghana,GHA,1982,2594.88278837369
Ghana,GHA,1987,2235.82888485784
Ghana,GHA,1992,1935.68850619468
Ghana,GHA,1997,1691.88893368951
Ghana,GHA,2002,1496.56412584652
Ghana,GHA,2007,1319.45964339056
Ghana,GHA,2012,1165.54357759716
Ghana,GHA,2017,1040.46966869523
Greece,GRC,1962,6865.34095354614
Greece,GRC,1967,6678.88211174276
Greece,GRC,1972,6525.19151437095
Greece,GRC,1977,6230.87832072243
Greece,GRC,1982,5924.70738840635
Greece,GRC,1987,5799.65492053223
Greece,GRC,1992,5577.42665419503
Greece,GRC,1997,5440.25804081863
Greece,GRC,2002,5320.1140118778
Greece,GRC,2007,5249.59421994334
Greece,GRC,2012,5251.23967735297
Greece,GRC,2017,5393.00150195092
Greenland,GRL,2002,10652016.4638132
Greenland,GRL,2007,10662187.2513482
Grenada,GRD,1962,2162.60637320098
Grenada,GRD,1967,2104.99726350356
Grenada,GRD,1972,2128.02179094314
Grenada,GRD,1977,2216.82794089937
Grenada,GRD,1982,2147.48958467551
Grenada,GRD,1987,2011.56650741765
Grenada,GRD,1992,2058.43908564136
Grenada,GRD,1997,1969.14352102553
Grenada,GRD,2002,1929.83133274152
Grenada,GRD,2007,1901.44795261592
Grenada,GRD,2012,1861.29620667833
Grenada,GRD,2017,1803.84941465087
Guatemala,GTM,1962,24939.4555890416
Guatemala,GTM,1967,21634.751116161
Guatemala,GTM,1972,19078.3713989356
Guatemala,GTM,1977,17028.7962870986
Guatemala,GTM,1982,15035.817465176
Guatemala,GTM,1987,13105.3954625088
Guatemala,GTM,1992,11441.6775678682
Guatemala,GTM,1997,10122.0185232939
Guatemala,GTM,2002,8989.4906926666
Guatemala,GTM,2007,8102.68325698484
Guatemala,GTM,2012,7387.39199490838
Guatemala,GTM,2017,6787.91338672247
Guinea,GIN,1962,62579.1238258107
Guinea,GIN,1967,57345.181964382
Guinea,GIN,1972,52673.9732770483
Guinea,GIN,1977,48823.8950191202
Guinea,GIN,1982,44513.8370080556
Guinea,GIN,1987,38956.6310994923
Guinea,GIN,1992,33650.8223903638
Guinea,GIN,1997,29495.9417630038
Guinea,GIN,2002,26321.6833485188
Guinea,GIN,2007,23744.0874858258
Guinea,GIN,2012,21216.6091878057
Guinea,GIN,2017,18727.9635676472
Guinea-Bissau,GNB,1962,25442.1770870933
Guinea-Bissau,GNB,1967,23907.6090448462
Guinea-Bissau,GNB,1972,21842.5263065926
Guinea-Bissau,GNB,1977,20732.5859236108
Guinea-Bissau,GNB,1982,19743.2878990921
Guinea-Bissau,GNB,1987,17529.347963035
Guinea-Bissau,GNB,1992,15680.847706627
Guinea-Bissau,GNB,1997,14127.9729449318
Guinea-Bissau,GNB,2002,12754.5529768329
Guinea-Bissau,GNB,2007,11335.0973578597
Guinea-Bissau,GNB,2012,9968.96536469902
Guinea-Bissau,GNB,2017,8752.03621592586
Guyana,GUY,1962,397502.16894337
Guyana,GUY,1967,356582.196635107
Guyana,GUY,1972,333818.593834191
Guyana,GUY,1977,316097.079840089
Guyana,GUY,1982,308480.394854905
Guyana,GUY,1987,318172.396630277
Guyana,GUY,1992,321935.997520692
Guyana,GUY,1997,317952.439064613
Guyana,GUY,2002,323581.578138238
Guyana,GUY,2007,322849.866774194
Guyana,GUY,2012,319041.3403443
Guyana,GUY,2017,310880.294317211
Haiti,HTI,1962,3236.98593565688
Haiti,HTI,1967,2939.90172005718
Haiti,HTI,1972,2689.49797553777
Haiti,HTI,1977,2457.20896191893
Haiti,HTI,1982,2201.27057811524
Haiti,HTI,1987,1965.63032672976
Haiti,HTI,1992,1777.44600000191
Haiti,HTI,1997,1620.02888657195
Haiti,HTI,2002,1486.1526215915
Haiti,HTI,2007,1370.14635395735
Haiti,HTI,2012,1269.15413072112
Haiti,HTI,2017,1184.62622857167
Heavily indebted poor countries (HIPC),,1962,28585.4444476301
Heavily indebted poor countries (HIPC),,1967,25275.8379171757
Heavily indebted poor countries (HIPC),,1972,22233.1389348186
Heavily indebted poor countries (HIPC),,1977,19431.0814414069
Heavily indebted poor countries (HIPC),,1982,17024.0928369562
Heavily indebted poor countries (HIPC),,1987,15016.1264252968
Heavily indebted poor countries (HIPC),,1992,13051.2843898395
Heavily indebted poor countries (HIPC),,1997,9892.05949459209
Heavily indebted poor countries (HIPC),,2002,8607.49163415987
Heavily indebted poor countries (HIPC),,2007,7467.80199251309
Heavily indebted poor countries (HIPC),,2012,6139.16590770658
Heavily indebted poor countries (HIPC),,2017,5339.22715664373
High income,,1962,13409.2201862746
High income,,1967,12672.9383016595
High income,,1972,12049.7977345238
High income,,1977,11533.8357985927
High income,,1982,11085.6110711905
High income,,1987,10719.0342072635
High income,,1992,10276.1665699118
High income,,1997,9778.72593670788
High income,,2002,10050.0230297897
High income,,2007,9693.39780714053
High income,,2012,8838.64099195962
High income,,2017,8587.49225404252
Honduras,HND,1962,42056.9592066979
Honduras,HND,1967,36462.0912493394
Honduras,HND,1972,31456.2080037417
Honduras,HND,1977,27039.884276692
Honduras,HND,1982,23182.8942664657
Honduras,HND,1987,19959.411899649
Honduras,HND,1992,17286.0978855323
Honduras,HND,1997,14995.7722045274
Honduras,HND,2002,13083.6349645641
Honduras,HND,2007,11610.3947995267
Honduras,HND,2012,10492.2152068376
Honduras,HND,2017,9615.00118358056
Hungary,HUN,1962,596.318686222474
Hungary,HUN,1967,587.279295546739
Hungary,HUN,1972,577.006909369236
Hungary,HUN,1977,563.4844601786
Hungary,HUN,1982,560.457744521876
Hungary,HUN,1987,565.358185976648
Hungary,HUN,1992,578.628863685744
Hungary,HUN,1997,583.062840763789
Hungary,HUN,2002,590.632102351031
Hungary,HUN,2007,596.671764895413
Hungary,HUN,2012,604.816638747659
Hungary,HUN,2017,612.997634033465
IBRD only,,1962,12688.2601729276
IBRD only,,1967,11249.1978269754
IBRD only,,1972,9944.92623691617
IBRD only,,1977,8940.06243626439
IBRD only,,1982,8113.41664735822
IBRD only,,1987,7362.17812339643
IBRD only,,1992,7532.69609723346
IBRD only,,1997,7024.51366459432
IBRD only,,2002,6618.02013695188
IBRD only,,2007,6270.75610075324
IBRD only,,2012,5967.1319354782
IBRD only,,2017,5688.96126493964
IDA & IBRD total,,1962,13700.6999377867
IDA & IBRD total,,1967,12137.121960041
IDA & IBRD total,,1972,10725.4292724642
IDA & IBRD total,,1977,9606.13825374761
IDA & IBRD total,,1982,8657.95660556551
IDA & IBRD total,,1987,7802.97421128162
IDA & IBRD total,,1992,7687.76572752408
IDA & IBRD total,,1997,7021.74294176831
IDA & IBRD total,,2002,6531.04698962327
IDA & IBRD total,,2007,6102.57884209202
IDA & IBRD total,,2012,5682.18013202994
IDA & IBRD total,,2017,5332.5088671332
IDA blend,,1962,14020.1241704278
IDA blend,,1967,12402.5768369578
IDA blend,,1972,10891.2486456171
IDA blend,,1977,9430.7943759038
IDA blend,,1982,8079.16179430987
IDA blend,,1987,6944.18953402627
IDA blend,,1992,5645.82018374837
IDA blend,,1997,4961.62976708123
IDA blend,,2002,4394.9977460195
IDA blend,,2007,3911.34810407593
IDA blend,,2012,3468.62325339992
IDA blend,,2017,3090.42969268957
IDA only,,1962,21246.3790927641
IDA only,,1967,18721.3965428321
IDA only,,1972,16544.4803480844
IDA only,,1977,14664.8963637809
IDA only,,1982,12905.4354949915
IDA only,,1987,11368.1496758345
IDA only,,1992,9983.95193862196
IDA only,,1997,8091.44658672142
IDA only,,2002,7162.70133355689
IDA only,,2007,6359.28858756779
IDA only,,2012,5441.96703030794
IDA only,,2017,4874.7942011232
IDA total,,1962,18814.2764354979
IDA total,,1967,16600.2458600161
IDA total,,1972,14638.7708886981
IDA total,,1977,12873.0226390657
IDA total,,1982,11223.8449266133
IDA total,,1987,9801.98745021324
IDA total,,1992,8383.6936792853
IDA total,,1997,7010.7743762783
IDA total,,2002,6207.46920533341
IDA total,,2007,5515.41408040761
IDA total,,2012,4780.07094138635
IDA total,,2017,4274.14147134164
Iceland,ISL,1962,932129.971816776
Iceland,ISL,1967,855341.608344109
Iceland,ISL,1972,812864.294696778
Iceland,ISL,1977,766459.72254158
Iceland,ISL,1982,726930.642264603
Iceland,ISL,1987,691453.231323645
Iceland,ISL,1992,651198.78034299
Iceland,ISL,1997,627010.120681007
Iceland,ISL,2002,591257.047262306
Iceland,ISL,2007,545630.781279087
Iceland,ISL,2012,530063.981840632
Iceland,ISL,2017,495049.504950495
India,IND,1962,3082.64828847754
India,IND,1967,2778.62874083631
India,IND,1972,2488.43867690748
India,IND,1977,2216.40185625587
India,IND,1982,1974.76372682644
India,IND,1987,1764.09855579437
India,IND,1992,1590.22197275068
India,IND,1997,1444.6997297916
India,IND,2002,1322.58050746256
India,IND,2007,1222.09975109302
India,IND,2012,1142.37839308731
India,IND,2017,1080.17112321928
Indonesia,IDN,1962,21822.6924505039
Indonesia,IDN,1967,19071.3551683694
Indonesia,IDN,1972,16683.5628712836
Indonesia,IDN,1977,14707.3759938196
Indonesia,IDN,1982,13070.6484734548
Indonesia,IDN,1987,11758.6930287828
Indonesia,IDN,1992,10754.2468382275
Indonesia,IDN,1997,9954.3233129897
Indonesia,IDN,2002,9288.83202207751
Indonesia,IDN,2007,8688.57068102114
Indonesia,IDN,2012,8126.32751650085
Indonesia,IDN,2017,7628.9159553389
Iran,IRN,1962,5569.68830853941
Iran,IRN,1967,4882.63141991937
Iran,IRN,1972,4272.60979484989
Iran,IRN,1977,3692.20609199064
Iran,IRN,1982,3069.07953480206
Iran,IRN,1987,2510.07046129157
Iran,IRN,1992,2186.10374319484
Iran,IRN,1997,2035.27893909668
Iran,IRN,2002,1909.79237643877
Iran,IRN,2007,1801.3225099597
Iran,IRN,2012,1701.08819737219
Iran,IRN,2017,1592.83261518275
Iraq,IRQ,1962,4586.78716017543
Iraq,IRQ,1967,3934.10508106436
Iraq,IRQ,1972,3320.86092187288
Iraq,IRQ,1977,2824.57337106172
Iraq,IRQ,1982,2438.94563825752
Iraq,IRQ,1987,2165.21154608899
Iraq,IRQ,1992,1912.75864354982
Iraq,IRQ,1997,1641.82328393669
Iraq,IRQ,2002,1411.84462232795
Iraq,IRQ,2007,1261.14058270857
Iraq,IRQ,2012,1103.79387753131
Iraq,IRQ,2017,937.347156825023
Ireland,IRL,1962,17277.5515241269
Ireland,IRL,1967,16882.2891005874
Ireland,IRL,1972,16135.1400299653
Ireland,IRL,1977,14929.0110291877
Ireland,IRL,1982,14057.0313844742
Ireland,IRL,1987,13841.5850366251
Ireland,IRL,1992,13770.1177204554
Ireland,IRL,1997,13336.3417217108
Ireland,IRL,2002,12462.0194524494
Ireland,IRL,2007,11139.0420696613
Ireland,IRL,2012,10653.2554500642
Ireland,IRL,2017,10192.6451536676
Israel,ISR,1962,327.082424771042
Israel,ISR,1967,273.224043715847
Israel,ISR,1972,238.246505717916
Israel,ISR,1977,207.583725435926
Israel,ISR,1982,186.058050111635
Israel,ISR,1987,171.663996337835
Israel,ISR,1992,146.398594573492
Israel,ISR,1997,128.512679917752
Israel,ISR,2002,114.155251141553
Israel,ISR,2007,104.455369702372
Israel,ISR,2012,94.8106946463561
Israel,ISR,2017,86.0753101580343
Italy,ITA,1962,3586.90984277542
Italy,ITA,1967,3449.8728745475
Italy,ITA,1972,3355.93023673835
Italy,ITA,1977,3261.5255028687
Italy,ITA,1982,3227.60078656543
Italy,ITA,1987,3224.27162423134
Italy,ITA,1992,3213.19295829379
Italy,ITA,1997,3207.92418091413
Italy,ITA,2002,3198.44332376832
Italy,ITA,2007,3122.95136529444
Italy,ITA,2012,3065.18084390626
Italy,ITA,2017,3014.69972541785
Jamaica,JAM,1962,6453.92186101998
Jamaica,JAM,1967,6000.03105376516
Jamaica,JAM,1972,5591.47408723836
Jamaica,JAM,1977,5199.8631311442
Jamaica,JAM,1982,4843.19593637061
Jamaica,JAM,1987,4555.02231203166
Jamaica,JAM,1992,4396.50278926002
Jamaica,JAM,1997,4187.44586700641
Jamaica,JAM,2002,4018.05823807775
Jamaica,JAM,2007,3908.63617135721
Jamaica,JAM,2012,3807.00658098439
Jamaica,JAM,2017,3704.40365263786
Japan,JPN,1962,4529.51028620185
Japan,JPN,1967,4305.20930325694
Japan,JPN,1972,4011.64309437624
Japan,JPN,1977,3776.16973443867
Japan,JPN,1982,3629.30452397029
Japan,JPN,1987,3522.59787497235
Japan,JPN,1992,3455.8971267832
Japan,JPN,1997,3411.15527102819
Japan,JPN,2002,3374.00447251756
Japan,JPN,2007,3359.34875508785
Japan,JPN,2012,3369.14024242139
Japan,JPN,2017,3391.54708314844
Jordan,JOR,1962,674.815242117178
Jordan,JOR,1967,494.56306948176
Jordan,JOR,1972,362.010549263425
Jordan,JOR,1977,312.935764198772
Jordan,JOR,1982,266.039925493217
Jordan,JOR,1987,217.766140877451
Jordan,JOR,1992,171.457288908297
Jordan,JOR,1997,140.661016026281
Jordan,JOR,2002,128.25542161243
Jordan,JOR,2007,109.02771893869
Jordan,JOR,2012,84.3019924813006
Jordan,JOR,2017,69.6925353367723
Kazakhstan,KAZ,1992,3914.44906182487
Kazakhstan,KAZ,1997,4196.44583536172
Kazakhstan,KAZ,2002,4330.72381705623
Kazakhstan,KAZ,2007,4155.85133534898
Kazakhstan,KAZ,2012,3832.16145220756
Kazakhstan,KAZ,2017,3567.51297942718
Kenya,KEN,1962,2393.89328231912
Kenya,KEN,1967,2031.90443335044
Kenya,KEN,1972,1704.2549565415
Kenya,KEN,1977,1414.04192818757
Kenya,KEN,1982,1167.09627461742
Kenya,KEN,1987,968.09898704576
Kenya,KEN,1992,817.339280299201
Kenya,KEN,1997,703.706801071266
Kenya,KEN,2002,613.301605196958
Kenya,KEN,2007,534.801718000139
Kenya,KEN,2012,466.810569105453
Kenya,KEN,2017,412.176974217195
Kuwait,KWT,1962,0
Kuwait,KWT,1967,0
Kuwait,KWT,1972,0
Kuwait,KWT,1977,0
Kuwait,KWT,1982,0
Kuwait,KWT,1987,0
Kuwait,KWT,1997,0
Kuwait,KWT,2002,0
Kuwait,KWT,2007,0
Kuwait,KWT,2012,0
Kuwait,KWT,2017,0
Kyrgyzstan,KGZ,1992,10836.249280241
Kyrgyzstan,KGZ,1997,10418.6185163104
Kyrgyzstan,KGZ,2002,9804.23587873445
Kyrgyzstan,KGZ,2007,9287.4497000987
Kyrgyzstan,KGZ,2012,8726.28049650449
Kyrgyzstan,KGZ,2017,7894.22735632926
Laos,LAO,1962,85722.4025864394
Laos,LAO,1967,76253.7310862512
Laos,LAO,1972,67022.3828005922
Laos,LAO,1977,60717.4029023812
Laos,LAO,1982,55980.3574804488
Laos,LAO,1987,48751.3858554409
Laos,LAO,1992,42307.85810691
Laos,LAO,1997,37700.670929377
Laos,LAO,2002,34660.7389036029
Laos,LAO,2007,32027.1827349263
Laos,LAO,2012,29544.449111626
Laos,LAO,2017,27383.7409900804
Late-demographic dividend,,1962,14444.4189454673
Late-demographic dividend,,1967,12763.3854158744
Late-demographic dividend,,1972,11245.6908511094
Late-demographic dividend,,1977,10233.1908731769
Late-demographic dividend,,1982,9480.71420145777
Late-demographic dividend,,1987,8764.01929368758
Late-demographic dividend,,1992,9715.32115076127
Late-demographic dividend,,1997,9198.66480302986
Late-demographic dividend,,2002,8848.13916998476
Late-demographic dividend,,2007,8543.50979611989
Late-demographic dividend,,2012,8284.35894250004
Late-demographic dividend,,2017,8034.53295673873
Latin America & Caribbean,,1962,59791.6075379106
Latin America & Caribbean,,1967,52348.9414738764
Latin America & Caribbean,,1972,46271.2338919407
Latin America & Caribbean,,1977,41206.1362273765
Latin America & Caribbean,,1982,36885.6967208131
Latin America & Caribbean,,1987,33258.1059638811
Latin America & Caribbean,,1992,30305.1811092337
Latin America & Caribbean,,1997,27879.4116879328
Latin America & Caribbean,,2002,25919.7020456338
Latin America & Caribbean,,2007,24348.0777777242
Latin America & Caribbean,,2012,23015.4529267831
Latin America & Caribbean,,2017,21873.8196259963
Latin America & Caribbean (IDA & IBRD),,1962,62350.8204525781
Latin America & Caribbean (IDA & IBRD),,1967,54500.3472590724
Latin America & Caribbean (IDA & IBRD),,1972,48085.083204244
Latin America & Caribbean (IDA & IBRD),,1977,42743.5154292084
Latin America & Caribbean (IDA & IBRD),,1982,38152.8107228263
Latin America & Caribbean (IDA & IBRD),,1987,34318.9715243579
Latin America & Caribbean (IDA & IBRD),,1992,31217.7628487347
Latin America & Caribbean (IDA & IBRD),,1997,28669.0329613806
Latin America & Caribbean (IDA & IBRD),,2002,26609.8217649299
Latin America & Caribbean (IDA & IBRD),,2007,24952.9635679188
Latin America & Caribbean (IDA & IBRD),,2012,23546.3465392481
Latin America & Caribbean (IDA & IBRD),,2017,22341.5786401716
Latin America & Caribbean (excluding high income),,1962,57957.4748423075
Latin America & Caribbean (excluding high income),,1967,50640.8754900017
Latin America & Caribbean (excluding high income),,1972,44656.4729884373
Latin America & Caribbean (excluding high income),,1977,39700.4093347405
Latin America & Caribbean (excluding high income),,1982,35482.4467201397
Latin America & Caribbean (excluding high income),,1987,31957.384126717
Latin America & Caribbean (excluding high income),,1992,29113.345499754
Latin America & Caribbean (excluding high income),,1997,26780.8350305043
Latin America & Caribbean (excluding high income),,2002,24888.6351745268
Latin America & Caribbean (excluding high income),,2007,23370.9555318448
Latin America & Caribbean (excluding high income),,2012,22087.4595160733
Latin America & Caribbean (excluding high income),,2017,20919.4573567924
Latvia,LVA,1992,6479.65182772847
Latvia,LVA,1997,6963.02404051872
Latvia,LVA,2002,7332.78416811209
Latvia,LVA,2007,7698.86266801495
Latvia,LVA,2012,8327.11093982802
Latvia,LVA,2017,8721.85220424992
Least developed countries: UN classification,,1962,20596.3811508063
Least developed countries: UN classification,,1967,18243.0398980693
Least developed countries: UN classification,,1972,16189.5701216874
Least developed countries: UN classification,,1977,14388.9302644367
Least developed countries: UN classification,,1982,12693.4917575957
Least developed countries: UN classification,,1987,11208.7794399839
Least developed countries: UN classification,,1992,9827.83327252899
Least developed countries: UN classification,,1997,7895.93518744803
Least developed countries: UN classification,,2002,6974.50217639945
Least developed countries: UN classification,,2007,6179.41032060254
Least developed countries: UN classification,,2012,5245.83326238476
Least developed countries: UN classification,,2017,4663.36010884531
Lebanon,LBN,1962,2493.12443028211
Lebanon,LBN,1967,2207.16851547685
Lebanon,LBN,1972,1985.2454900806
Lebanon,LBN,1977,1844.92342414713
Lebanon,LBN,1982,1841.79870061102
Lebanon,LBN,1987,1799.1294462392
Lebanon,LBN,1992,1560.40067188252
Lebanon,LBN,1997,1312.04001722053
Lebanon,LBN,2002,1147.71992286366
Lebanon,LBN,2007,1006.84930213807
Lebanon,LBN,2012,866.798371863725
Lebanon,LBN,2017,703.877027990696
Lesotho,LSO,1962,6017.49791746248
Lesotho,LSO,1967,5435.01416948723
Lesotho,LSO,1972,4855.62184454211
Lesotho,LSO,1977,4257.1306939123
Lesotho,LSO,1982,3695.16773800625
Lesotho,LSO,1987,3276.13153386223
Lesotho,LSO,1992,2934.43693597653
Lesotho,LSO,1997,2657.44740743902
Lesotho,LSO,2002,2576.56791300955
Lesotho,LSO,2007,2632.2067354295
Lesotho,LSO,2012,2595.54895612282
Lesotho,LSO,2017,2500.55939856526
Liberia,LBR,1962,171430.873500301
Liberia,LBR,1967,153488.17220145
Liberia,LBR,1972,135633.036681277
Liberia,LBR,1977,118192.482367159
Liberia,LBR,1982,100528.932980879
Liberia,LBR,1987,92880.1771410738
Liberia,LBR,1992,99919.4649112815
Liberia,LBR,1997,85976.7604816418
Liberia,LBR,2002,66121.6698234254
Liberia,LBR,2007,57771.5602740798
Liberia,LBR,2012,48359.8514578803
Liberia,LBR,2017,42533.0652048903
Libya,LBY,1962,451.375567040556
Libya,LBY,1967,372.564558785099
Libya,LBY,1972,300.753559525789
Libya,LBY,1977,244.273615762488
Libya,LBY,1982,201.123822455934
Libya,LBY,1987,170.328029886243
Libya,LBY,1992,150.508633175199
Libya,LBY,1997,136.771962841793
Libya,LBY,2002,126.557173016492
Libya,LBY,2007,117.159007870742
Libya,LBY,2012,111.36298590256
Libya,LBY,2017,106.371290814094
Lithuania,LTU,1992,4178.2496431191
Lithuania,LTU,1997,4324.30980966604
Lithuania,LTU,2002,4490.18273533452
Lithuania,LTU,2007,4784.46096207897
Lithuania,LTU,2012,5174.42255485942
Lithuania,LTU,2017,5465.98204004168
Low & middle income,,1962,13074.6098490425
Low & middle income,,1967,11572.922571439
Low & middle income,,1972,10213.3729252811
Low & middle income,,1977,9141.80027437845
Low & middle income,,1982,8236.99652309178
Low & middle income,,1987,7420.62632071626
Low & middle income,,1992,7363.20605630755
Low & middle income,,1997,6722.04699812925
Low & middle income,,2002,6248.9864187029
Low & middle income,,2007,5837.0137458228
Low & middle income,,2012,5433.30409538636
Low & middle income,,2017,5099.40206368012
Low income,,1962,21975.1185606988
Low income,,1967,19577.4779960195
Low income,,1972,17299.7845042581
Low income,,1977,15236.9750966314
Low income,,1982,13471.7475107068
Low income,,1987,12015.2102173866
Low income,,1992,10480.7362537831
Low income,,1997,7721.25022929102
Low income,,2002,6717.28774585117
Low income,,2007,5817.36457793961
Low income,,2012,4701.87593445988
Low income,,2017,4137.92896652136
Lower middle income,,1962,9204.56779818168
Lower middle income,,1967,8178.24984476324
Lower middle income,,1972,7254.67684263798
Lower middle income,,1977,6424.62874675519
Lower middle income,,1982,5668.6951841384
Lower middle income,,1987,5006.78360847808
Lower middle income,,1992,4377.43763102361
Lower middle income,,1997,3963.47772851528
Lower middle income,,2002,3627.07196546099
Lower middle income,,2007,3341.05417754286
Lower middle income,,2012,3091.33908055868
Lower middle income,,2017,2876.12235977854
Luxembourg,LUX,1962,3117.69290724864
Luxembourg,LUX,1967,2985.1191808833
Luxembourg,LUX,1972,2885.17022504328
Luxembourg,LUX,1977,2767.33876100709
Luxembourg,LUX,1982,2735.7909855687
Luxembourg,LUX,1987,2697.23533378287
Luxembourg,LUX,1992,2549.88206795436
Luxembourg,LUX,1997,2384.07438312075
Luxembourg,LUX,2002,2241.27304308847
Luxembourg,LUX,2007,2083.36371572085
Luxembourg,LUX,2012,1883.43070670087
Luxembourg,LUX,2017,1676.90697861608
Madagascar,MDG,1962,62961.2683575535
Madagascar,MDG,1967,55486.686570526
Madagascar,MDG,1972,48512.8088930745
Madagascar,MDG,1977,42134.7067830751
Madagascar,MDG,1982,36495.0184299843
Madagascar,MDG,1987,31649.8701650949
Madagascar,MDG,1992,27395.3938994279
Madagascar,MDG,1997,23487.8232712056
Madagascar,MDG,2002,20101.2554516454
Madagascar,MDG,2007,17341.1713369477
Madagascar,MDG,2012,15080.5662470704
Madagascar,MDG,2017,13179.2438563312
Malawi,MWI,1962,4204.16837824595
Malawi,MWI,1967,3709.95592186198
Malawi,MWI,1972,3254.97987720619
Malawi,MWI,1977,2822.68797545416
Malawi,MWI,1982,2458.12319096069
Malawi,MWI,1987,1982.52333211319
Malawi,MWI,1992,1666.32700025831
Malawi,MWI,1997,1572.34756947604
Malawi,MWI,2002,1377.87812403345
Malawi,MWI,2007,1209.73109491607
Malawi,MWI,2012,1048.32355915591
Malawi,MWI,2017,913.402587057199
Malaysia,MYS,1962,66725.4387398924
Malaysia,MYS,1967,57732.5769304007
Malaysia,MYS,1972,51217.3978082663
Malaysia,MYS,1977,45346.8183304036
Malaysia,MYS,1982,40079.5648464901
Malaysia,MYS,1987,35104.7003741193
Malaysia,MYS,1992,30522.0427034952
Malaysia,MYS,1997,26898.1889634876
Malaysia,MYS,2002,23958.6348386392
Malaysia,MYS,2007,21706.2886898223
Malaysia,MYS,2012,19953.0834205048
Malaysia,MYS,2017,18646.7266716188
Maldives,MDV,1962,316.115571853069
Maldives,MDV,1967,279.119100120021
Maldives,MDV,1972,243.216292248697
Maldives,MDV,1977,207.43301642178
Maldives,MDV,1982,176.627474992493
Maldives,MDV,1987,147.765781385452
Maldives,MDV,1992,126.972840509415
Maldives,MDV,1997,113.706999802908
Maldives,MDV,2002,101.976647347757
Maldives,MDV,2007,89.5062833410905
Maldives,MDV,2012,75.5228066288885
Maldives,MDV,2017,60.4353764519599
Mali,MLI,1962,11149.5833679435
Mali,MLI,1967,10514.8932948628
Mali,MLI,1972,9760.12222275722
Mali,MLI,1977,8938.8577659381
Mali,MLI,1982,8120.54131528408
Mali,MLI,1987,7442.12261244303
Mali,MLI,1992,6779.40516143233
Mali,MLI,1997,5943.91146821251
Mali,MLI,2002,5164.89353002396
Mali,MLI,2007,4395.13590309604
Mali,MLI,2012,3754.81273121824
Mali,MLI,2017,3241.06577262227
Malta,MLT,1962,155.912318616857
Malta,MLT,1967,162.092761996469
Malta,MLT,1972,166.969747065631
Malta,MLT,1977,164.511190018569
Malta,MLT,1982,154.956458769308
Malta,MLT,1987,146.595642771093
Malta,MLT,1992,137.3708577926
Malta,MLT,1997,131.925776729338
Malta,MLT,2002,127.535236344259
Malta,MLT,2007,124.162822946273
Malta,MLT,2012,120.230079899435
Malta,MLT,2017,107.906213474815
Mauritania,MRT,1962,443.611440739057
Mauritania,MRT,1967,381.918088118051
Mauritania,MRT,1972,328.557476612868
Mauritania,MRT,1977,283.45896470865
Mauritania,MRT,1982,244.849738775935
Mauritania,MRT,1987,212.793575336373
Mauritania,MRT,1992,186.685148496368
Mauritania,MRT,1997,164.367777833937
Mauritania,MRT,2002,143.983453421533
Mauritania,MRT,2007,124.901951967705
Mauritania,MRT,2012,107.916920159016
Mauritania,MRT,2017,93.4015974475212
Mauritius,MUS,1962,3928.04159069264
Mauritius,MUS,1967,3509.30009171889
Mauritius,MUS,1972,3228.67239479234
Mauritius,MUS,1977,2985.74202364065
Mauritius,MUS,1982,2771.72976692685
Mauritius,MUS,1987,2655.19524516399
Mauritius,MUS,1992,2536.79084431518
Mauritius,MUS,1997,2395.74878688547
Mauritius,MUS,2002,2283.70582946836
Mauritius,MUS,2007,2219.21057089615
Mauritius,MUS,2012,2190.49241887375
Mauritius,MUS,2017,2175.36906547695
Mexico,MEX,1962,10175.3144483146
Mexico,MEX,1967,8710.24338251505
Mexico,MEX,1972,7478.52292553088
Mexico,MEX,1977,6505.49703365241
Mexico,MEX,1982,5755.80875797669
Mexico,MEX,1987,5164.13613263855
Mexico,MEX,1992,4697.09286471858
Mexico,MEX,1997,4322.96419461042
Mexico,MEX,2002,4022.2348354961
Mexico,MEX,2007,3746.43322839687
Mexico,MEX,2012,3487.55441053867
Mexico,MEX,2017,3277.8391163792
Middle East & North Africa,,1962,2068.24832700436
Middle East & North Africa,,1967,1802.10793652747
Middle East & North Africa,,1972,1570.78286355126
Middle East & North Africa,,1977,1364.14873654855
Middle East & North Africa,,1982,1164.90573218101
Middle East & North Africa,,1987,991.792443001877
Middle East & North Africa,,1992,867.591718647016
Middle East & North Africa,,1997,773.709007297622
Middle East & North Africa,,2002,704.056387389342
Middle East & North Africa,,2007,636.813818615203
Middle East & North Africa,,2012,573.382189284384
Middle East & North Africa,,2017,525.746970478068
Middle East & North Africa (IDA & IBRD),,1962,2187.17332017198
Middle East & North Africa (IDA & IBRD),,1967,1913.63111050041
Middle East & North Africa (IDA & IBRD),,1972,1677.4132194774
Middle East & North Africa (IDA & IBRD),,1977,1470.80906233033
Middle East & North Africa (IDA & IBRD),,1982,1269.05874562043
Middle East & North Africa (IDA & IBRD),,1987,1089.18232680809
Middle East & North Africa (IDA & IBRD),,1992,954.146391513771
Middle East & North Africa (IDA & IBRD),,1997,858.903846497623
Middle East & North Africa (IDA & IBRD),,2002,785.701118091277
Middle East & North Africa (IDA & IBRD),,2007,720.519790915544
Middle East & North Africa (IDA & IBRD),,2012,659.374920000658
Middle East & North Africa (IDA & IBRD),,2017,604.24258540316
Middle East & North Africa (excluding high income),,1962,2187.17332017198
Middle East & North Africa (excluding high income),,1967,1913.63111050041
Middle East & North Africa (excluding high income),,1972,1677.4132194774
Middle East & North Africa (excluding high income),,1977,1470.80906233033
Middle East & North Africa (excluding high income),,1982,1269.05874562043
Middle East & North Africa (excluding high income),,1987,1089.18232680809
Middle East & North Africa (excluding high income),,1992,948.880489547001
Middle East & North Africa (excluding high income),,1997,853.18507544974
Middle East & North Africa (excluding high income),,2002,780.15489713767
Middle East & North Africa (excluding high income),,2007,715.114222108791
Middle East & North Africa (excluding high income),,2012,654.121821100008
Middle East & North Africa (excluding high income),,2017,604.24258540316
Middle income,,1962,12582.2673524132
Middle income,,1967,11133.154671016
Middle income,,1972,9824.5747203887
Middle income,,1977,8801.64586017588
Middle income,,1982,7938.96593273109
Middle income,,1987,7156.2484888292
Middle income,,1992,7189.65445980368
Middle income,,1997,6648.54357505041
Middle income,,2002,6211.98853148361
Middle income,,2007,5838.69823794912
Middle income,,2012,5507.35478117361
Middle income,,2017,5203.91788502356
Moldova,MDA,1992,544.148223288872
Moldova,MDA,1997,551.860587751965
Moldova,MDA,2002,556.604629301317
Moldova,MDA,2007,563.786333332057
Moldova,MDA,2012,566.540931882895
Moldova,MDA,2017,587.988057309236
Mongolia,MNG,1962,34410.2352651516
Mongolia,MNG,1967,29662.8156149153
Mongolia,MNG,1972,25650.9859044884
Mongolia,MNG,1977,22276.1772287539
Mongolia,MNG,1982,19575.5591269076
Mongolia,MNG,1987,17114.6053976908
Mongolia,MNG,1992,15511.5121718569
Mongolia,MNG,1997,14898.8930293731
Mongolia,MNG,2002,14243.2593161353
Mongolia,MNG,2007,13416.5105583697
Mongolia,MNG,2012,12319.9011009319
Mongolia,MNG,2017,11176.0980516336
Morocco,MAR,1962,2214.60432275491
Morocco,MAR,1967,1939.27566181627
Morocco,MAR,1972,1736.85039549281
Morocco,MAR,1977,1557.45781424115
Morocco,MAR,1982,1382.00382262257
Morocco,MAR,1987,1236.81850021171
Morocco,MAR,1992,1127.90391503228
Morocco,MAR,1997,1044.87285752874
Morocco,MAR,2002,984.560562611856
Morocco,MAR,2007,930.570757551983
Morocco,MAR,2012,872.393026415038
Morocco,MAR,2017,815.035848789715
Mozambique,MOZ,1962,13360.313262715
Mozambique,MOZ,1967,11915.3716372338
Mozambique,MOZ,1972,10617.9869545909
Mozambique,MOZ,1977,9340.19485341295
Mozambique,MOZ,1982,8228.17930736778
Mozambique,MOZ,1987,7844.3008729698
Mozambique,MOZ,1992,7264.95779117469
Mozambique,MOZ,1997,6116.90733312293
Mozambique,MOZ,2002,5345.30026864531
Mozambique,MOZ,2007,4627.80988920063
Mozambique,MOZ,2012,4034.15996341182
Mozambique,MOZ,2017,3500.99394369934
Myanmar,MMR,1962,44189.5694640647
Myanmar,MMR,1967,39472.5646785324
Myanmar,MMR,1972,35106.6410599364
Myanmar,MMR,1977,31317.57242415
Myanmar,MMR,1982,28068.2917489325
Myanmar,MMR,1987,25454.042510535
Myanmar,MMR,1992,23654.7197675111
Myanmar,MMR,1997,22275.4132538887
Myanmar,MMR,2002,21026.3002120051
Myanmar,MMR,2007,20213.0210588846
Myanmar,MMR,2012,19508.4178239408
Myanmar,MMR,2017,18788.9215647946
Namibia,NAM,1962,9261.50057358157
Namibia,NAM,1967,8173.19748488423
Namibia,NAM,1972,7088.98284604248
Namibia,NAM,1977,6203.70510244674
Namibia,NAM,1982,5574.14105291543
Namibia,NAM,1987,4787.08357812738
Namibia,NAM,1992,4060.77717737752
Namibia,NAM,1997,3627.73545092575
Namibia,NAM,2002,3326.99799461955
Namibia,NAM,2007,3069.99794668968
Namibia,NAM,2012,2806.66327376312
Namibia,NAM,2017,2563.86457634011
Nepal,NPL,1962,18997.144389895
Nepal,NPL,1967,17411.9836088401
Nepal,NPL,1972,15751.2328796735
Nepal,NPL,1977,14128.3462599623
Nepal,NPL,1982,12600.5829454352
Nepal,NPL,1987,11246.2214937082
Nepal,NPL,1992,9940.65598900449
Nepal,NPL,1997,8775.82470170609
Nepal,NPL,2002,8015.97532923839
Nepal,NPL,2007,7512.53118250046
Nepal,NPL,2012,7343.68909591851
Nepal,NPL,2017,7172.66604812374
Netherlands,NLD,1962,931.754173771645
Netherlands,NLD,1967,873.140538081588
Netherlands,NLD,1972,825.293412440458
Netherlands,NLD,1977,793.869308182591
Netherlands,NLD,1982,768.548749396515
Netherlands,NLD,1987,750.083344487982
Netherlands,NLD,1992,724.438866118824
Netherlands,NLD,1997,704.647147940669
Netherlands,NLD,2002,681.159722728362
Netherlands,NLD,2007,671.481145786126
Netherlands,NLD,2012,656.521930637623
Netherlands,NLD,2017,642.099698703472
New Zealand,NZL,1962,131748.589846898
New Zealand,NZL,1967,120039.646121655
New Zealand,NZL,1972,112607.183442956
New Zealand,NZL,1977,104800.974296519
New Zealand,NZL,1982,103608.884382624
New Zealand,NZL,1987,99865.6242365013
New Zealand,NZL,1992,92589.9708355749
New Zealand,NZL,1997,86478.1953296485
New Zealand,NZL,2002,82816.2593389895
New Zealand,NZL,2007,77418.438373029
New Zealand,NZL,2012,74181.6201991788
New Zealand,NZL,2017,67932.5245138773
Nicaragua,NIC,1962,82758.2114477601
Nicaragua,NIC,1967,71087.1463789928
Nicaragua,NIC,1972,61046.5059473445
Nicaragua,NIC,1977,52319.8949582647
Nicaragua,NIC,1982,45208.1528649147
Nicaragua,NIC,1987,39952.2005938094
Nicaragua,NIC,1992,35788.6353440498
Nicaragua,NIC,1997,32355.2331171761
Nicaragua,NIC,2002,29927.2472833647
Nicaragua,NIC,2007,27942.4250089355
Nicaragua,NIC,2012,26109.3550721852
Nicaragua,NIC,2017,24464.1880779214
Niger,NER,1962,975.411818869927
Niger,NER,1967,844.474770471757
Niger,NER,1972,734.025764304327
Niger,NER,1977,637.388325012684
Niger,NER,1982,551.743272278999
Niger,NER,1987,477.559219389887
Niger,NER,1992,408.555240112
Niger,NER,1997,343.872332582316
Niger,NER,2002,287.120873293723
Niger,NER,2007,238.331883821514
Niger,NER,2012,196.682151920778
Niger,NER,2017,162.019124922671
Nigeria,NGA,1962,4699.14640111939
Nigeria,NGA,1967,4222.21207957299
Nigeria,NGA,1972,3767.10027013518
Nigeria,NGA,1977,3288.53710899852
Nigeria,NGA,1982,2854.28160127884
Nigeria,NGA,1987,2509.99372172204
Nigeria,NGA,1992,2206.4320229044
Nigeria,NGA,1997,1947.8631769079
Nigeria,NGA,2002,1718.55939713372
Nigeria,NGA,2007,1510.18206775509
Nigeria,NGA,2012,1321.54267707101
Nigeria,NGA,2017,1157.83643582068
North America,,1962,27628.2951177663
North America,,1967,25866.632591592
North America,,1972,24418.9867651634
North America,,1977,23232.8557274951
North America,,1982,22073.2892240889
North America,,1987,21091.3625842971
North America,,1992,19895.7289696809
North America,,1997,18733.2918239546
North America,,2002,17768.8454531531
North America,,2007,16963.9532633869
North America,,2012,16259.7015597758
North America,,2017,15671.8566272418
North Korea,PRK,1962,5643.66125026807
North Korea,PRK,1967,5067.04264627285
North Korea,PRK,1972,4405.64409037094
North Korea,PRK,1977,3988.91011544739
North Korea,PRK,1982,3720.45128740942
North Korea,PRK,1987,3447.92237460781
North Korea,PRK,1992,3200.01421379448
North Korea,PRK,1997,2999.74081343927
North Korea,PRK,2002,2870.67567521827
North Korea,PRK,2007,2769.9307889383
North Korea,PRK,2012,2701.54340384308
North Korea,PRK,2017,2634.70250826825
North Macedonia,MKD,1992,2715.39766244489
North Macedonia,MKD,1997,2700.55631460081
North Macedonia,MKD,2002,2635.52195536207
North Macedonia,MKD,2007,2614.49553792762
North Macedonia,MKD,2012,2603.31923202083
North Macedonia,MKD,2017,2593.66492538891
Norway,NOR,1962,104976.259426566
Norway,NOR,1967,100936.996553609
Norway,NOR,1972,97126.7763775475
Norway,NOR,1977,94479.5032653551
Norway,NOR,1982,92835.9110690298
Norway,NOR,1987,91236.8443993833
Norway,NOR,1992,89119.0534903291
Norway,NOR,1997,86716.5460845096
Norway,NOR,2002,84175.1027233731
Norway,NOR,2007,81118.6215440441
Norway,NOR,2012,76117.2548451522
Norway,NOR,2017,72390.0542887507
OECD members,,1962,15629.9380294482
OECD members,,1967,14648.0554187512
OECD members,,1972,13805.8860272987
OECD members,,1977,13108.2911766586
OECD members,,1982,12510.3850798015
OECD members,,1987,12014.2527147663
OECD members,,1992,11441.3493212252
OECD members,,1997,10858.1182562208
OECD members,,2002,10466.2338159078
OECD members,,2007,10087.5223590714
OECD members,,2012,9761.82547127277
OECD members,,2017,9449.16468167369
Oman,OMN,1962,2418.68468471581
Oman,OMN,1967,2120.83615480286
Oman,OMN,1972,1803.22906805258
Oman,OMN,1977,1431.77978408761
Oman,OMN,1982,1085.16953060992
Oman,OMN,1987,864.266352073714
Oman,OMN,1992,705.904182583125
Oman,OMN,1997,622.288876275192
Oman,OMN,2002,599.60768525736
Oman,OMN,2007,526.877924642908
Oman,OMN,2012,400.225155237332
Oman,OMN,2017,300.047621843981
Other small states,,1962,67024.5456282982
Other small states,,1967,60592.4874456291
Other small states,,1972,54199.1007183641
Other small states,,1977,48348.0046920799
Other small states,,1982,42610.6166049769
Other small states,,1987,36961.1456597103
Other small states,,1992,30225.3153464268
Other small states,,1997,26890.5225016363
Other small states,,2002,24549.2297376282
Other small states,,2007,21841.0556133365
Other small states,,2012,19274.3563409711
Other small states,,2017,17365.899121841
Pacific island small states,,1972,103262.858241492
Pacific island small states,,1977,91243.87597409
Pacific island small states,,1982,80347.0606970168
Pacific island small states,,1987,72725.0808493241
Pacific island small states,,1992,67702.1916805595
Pacific island small states,,1997,61774.1536940944
Pacific island small states,,2002,57627.6911958732
Pacific island small states,,2007,53786.6443723987
Pacific island small states,,2012,49831.3217241817
Pacific island small states,,2017,46275.9916819947
Pakistan,PAK,1962,1165.28173991225
Pakistan,PAK,1967,1025.05260243803
Pakistan,PAK,1972,896.02841433175
Pakistan,PAK,1977,775.104565833774
Pakistan,PAK,1982,659.222668361484
Pakistan,PAK,1987,559.592751593054
Pakistan,PAK,1992,482.832554916541
Pakistan,PAK,1997,419.663342709172
Pakistan,PAK,2002,367.770726647085
Pakistan,PAK,2007,327.75532309506
Pakistan,PAK,2012,293.677719405623
Pakistan,PAK,2017,264.542362635537
Palestine,PSE,1992,375.30198637358
Palestine,PSE,1997,300.016478737625
Palestine,PSE,2002,264.033013231241
Palestine,PSE,2007,232.365411206652
Palestine,PSE,2012,204.020203025228
Palestine,PSE,2014,194.565675260303
Panama,PAN,1962,113601.680573031
Panama,PAN,1967,98003.7651812567
Panama,PAN,1972,84960.9745508917
Panama,PAN,1977,74327.8390949198
Panama,PAN,1982,65871.0701589586
Panama,PAN,1987,58923.5283891921
Panama,PAN,1992,53029.0001859509
Panama,PAN,1997,47864.2086094606
Panama,PAN,2002,43376.1643848666
Panama,PAN,2007,39552.1171530235
Panama,PAN,2012,36227.3198015719
Panama,PAN,2017,33262.1986556812
Papua New Guinea,PNG,1962,342256.64633779
Papua New Guinea,PNG,1967,308454.186273981
Papua New Guinea,PNG,1972,274490.102935502
Papua New Guinea,PNG,1977,242533.539875421
Papua New Guinea,PNG,1982,212552.033454257
Papua New Guinea,PNG,1987,186601.282447016
Papua New Guinea,PNG,1992,165625.356683821
Papua New Guinea,PNG,1997,147063.332521211
Papua New Guinea,PNG,2002,131341.167126142
Papua New Guinea,PNG,2007,117647.006985236
Papua New Guinea,PNG,2012,104966.542406024
Papua New Guinea,PNG,2017,94927.2804886634
Paraguay,PRY,1962,58305.4057084481
Paraguay,PRY,1967,51073.9275457406
Paraguay,PRY,1972,45049.3983980126
Paraguay,PRY,1977,39854.0727796683
Paraguay,PRY,1982,34730.849276129
Paraguay,PRY,1987,30063.789193738
Paraguay,PRY,1992,26321.5972755122
Paraguay,PRY,1997,23408.9141144948
Paraguay,PRY,2002,21149.8351939765
Paraguay,PRY,2007,19505.1038355036
Paraguay,PRY,2012,18220.0136727966
Paraguay,PRY,2017,17037.8639586268
Peru,PER,1962,152658.78862972
Peru,PER,1967,132479.009221702
Peru,PER,1972,115384.988588769
Peru,PER,1977,100932.919096268
Peru,PER,1982,89056.9085042021
Peru,PER,1987,79308.7524530255
Peru,PER,1992,71450.895557078
Peru,PER,1997,65090.7460593424
Peru,PER,2002,60551.3516050573
Peru,PER,2007,57918.2262410859
Peru,PER,2012,55614.3179247895
Peru,PER,2017,52187.520542277
Philippines,PHL,1962,17060.0176049409
Philippines,PHL,1967,14592.9940832873
Philippines,PHL,1972,12630.7240384565
Philippines,PHL,1977,10978.8315979025
Philippines,PHL,1982,9575.48726436205
Philippines,PHL,1987,8364.79079684412
Philippines,PHL,1992,7366.94996152268
Philippines,PHL,1997,6558.86943384592
Philippines,PHL,2002,5887.03336042925
Philippines,PHL,2007,5357.6133060834
Philippines,PHL,2012,4927.34283244795
Philippines,PHL,2017,4554.40426533366
Poland,POL,1962,1768.48078921755
Poland,POL,1967,1675.67262546482
Poland,POL,1972,1621.5079721621
Poland,POL,1977,1545.15618040852
Poland,POL,1982,1479.41728954689
Poland,POL,1987,1422.95677941343
Poland,POL,1992,1397.15528236652
Poland,POL,1997,1386.81685686239
Poland,POL,2002,1402.02693335591
Poland,POL,2007,1406.06538833637
Poland,POL,2012,1408.18561483748
Poland,POL,2017,1411.46137180457
Portugal,PRT,1962,4225.04596127301
Portugal,PRT,1967,4281.92172647084
Portugal,PRT,1972,4403.02510998873
Portugal,PRT,1977,4018.75064445426
Portugal,PRT,1982,3833.82545863903
Portugal,PRT,1987,3788.62238810628
Portugal,PRT,1992,3818.13844851351
Portugal,PRT,1997,3759.03516250952
Portugal,PRT,2002,3646.96216209576
Portugal,PRT,2007,3604.29951197785
Portugal,PRT,2012,3613.93854250239
Portugal,PRT,2017,3689.21293554557
Post-demographic dividend,,1962,12452.6167007091
Post-demographic dividend,,1967,11789.2610342979
Post-demographic dividend,,1972,11228.1308759313
Post-demographic dividend,,1977,10793.9895595473
Post-demographic dividend,,1982,10435.8566260611
Post-demographic dividend,,1987,10155.4585631702
Post-demographic dividend,,1992,9227.49202038746
Post-demographic dividend,,1997,8895.02162296617
Post-demographic dividend,,2002,8681.55516466225
Post-demographic dividend,,2007,8456.84489947518
Post-demographic dividend,,2012,8267.20327695389
Post-demographic dividend,,2017,8091.69541937769
Pre-demographic dividend,,1962,19188.0771652342
Pre-demographic dividend,,1967,17027.4668827911
Pre-demographic dividend,,1972,14982.4197839435
Pre-demographic dividend,,1977,13008.7561677903
Pre-demographic dividend,,1982,11307.3657546967
Pre-demographic dividend,,1987,9933.51594519294
Pre-demographic dividend,,1992,8602.95332816612
Pre-demographic dividend,,1997,7418.74477119966
Pre-demographic dividend,,2002,6466.15610945845
Pre-demographic dividend,,2007,5604.12202017899
Pre-demographic dividend,,2012,4602.79534494834
Pre-demographic dividend,,2017,3990.78323318629
Puerto Rico,PRI,1962,2897.57835908913
Puerto Rico,PRI,1967,2683.62617616532
Puerto Rico,PRI,1972,2520.18275939425
Puerto Rico,PRI,1977,2298.70916148917
Puerto Rico,PRI,1982,2166.31634381942
Puerto Rico,PRI,1987,2062.84410999898
Puerto Rico,PRI,1992,1980.37697451952
Puerto Rico,PRI,1997,1888.58417366462
Puerto Rico,PRI,2002,1856.83974766855
Puerto Rico,PRI,2007,1876.81982133204
Puerto Rico,PRI,2012,1953.50761923
Puerto Rico,PRI,2017,2135.15469045369
Qatar,QAT,1962,995.272455834785
Qatar,QAT,1967,648.914227444437
Qatar,QAT,1972,429.102333243937
Qatar,QAT,1977,307.153944459985
Qatar,QAT,1982,201.99906936143
Qatar,QAT,1987,132.653012881555
Qatar,QAT,1992,113.03928316946
Qatar,QAT,1997,104.610326533662
Qatar,QAT,2002,87.3809434645296
Qatar,QAT,2007,45.9603706703895
Qatar,QAT,2012,25.5000050089296
Qatar,QAT,2017,20.5525177384744
Romania,ROU,1962,2269.15570595212
Romania,ROU,1967,2169.52364980428
Romania,ROU,1972,2051.50974029039
Romania,ROU,1977,1947.95978101954
Romania,ROU,1982,1885.58855523384
Romania,ROU,1987,1846.66895866259
Romania,ROU,1992,1859.23804406403
Romania,ROU,1997,1879.04767841841
Romania,ROU,2002,1950.25460992699
Romania,ROU,2007,2029.40365509102
Romania,ROU,2012,2112.86898243023
Romania,ROU,2017,2163.4905607642
Russia,RUS,1992,29029.5700842525
Russia,RUS,1997,29151.8066200034
Russia,RUS,2002,29675.2044060356
Russia,RUS,2007,30194.9970783259
Russia,RUS,2012,30111.3699604211
Russia,RUS,2017,29841.5038971918
Rwanda,RWA,1962,3111.75762880138
Rwanda,RWA,1967,2777.04941130937
Rwanda,RWA,1972,2382.6106540818
Rwanda,RWA,1977,2040.64711282802
Rwanda,RWA,1982,1725.75186921635
Rwanda,RWA,1987,1401.18386762441
Rwanda,RWA,1992,1417.43677001074
Rwanda,RWA,1997,1479.77428924883
Rwanda,RWA,2002,1127.32066375217
Rwanda,RWA,2007,1024.39582482141
Rwanda,RWA,2012,900.502271730257
Rwanda,RWA,2017,792.924773974707
Saint Kitts and Nevis,KNA,1962,470.948372284688
Saint Kitts and Nevis,KNA,1967,506.457330969866
Saint Kitts and Nevis,KNA,1972,541.540683243829
Saint Kitts and Nevis,KNA,1977,546.149645002731
Saint Kitts and Nevis,KNA,1982,561.626845763227
Saint Kitts and Nevis,KNA,1987,584.781072585951
Saint Kitts and Nevis,KNA,1992,589.8110147207
Saint Kitts and Nevis,KNA,1997,560.001866672889
Saint Kitts and Nevis,KNA,2002,531.34962805526
Saint Kitts and Nevis,KNA,2007,502.417886076744
Saint Kitts and Nevis,KNA,2012,481.145125398448
Saint Kitts and Nevis,KNA,2017,461.219155968945
Saint Lucia,LCA,1962,3264.70204152701
Saint Lucia,LCA,1967,3019.01982489685
Saint Lucia,LCA,1972,2822.12167107231
Saint Lucia,LCA,1977,2662.28868083596
Saint Lucia,LCA,1982,2479.6052468447
Saint Lucia,LCA,1987,2292.38622123055
Saint Lucia,LCA,1992,2116.2826789317
Saint Lucia,LCA,1997,1987.80811025709
Saint Lucia,LCA,2002,1882.15217827745
Saint Lucia,LCA,2007,1789.50633485243
Saint Lucia,LCA,2012,1698.23496779014
Saint Lucia,LCA,2017,1657.87074134453
Saint Vincent and the Grenadines,VCT,1962,1201.35993945146
Saint Vincent and the Grenadines,VCT,1967,1139.22464370749
Saint Vincent and the Grenadines,VCT,1972,1080.95253537417
Saint Vincent and the Grenadines,VCT,1977,1023.45764932247
Saint Vincent and the Grenadines,VCT,1982,977.947288641142
Saint Vincent and the Grenadines,VCT,1987,944.242481469241
Saint Vincent and the Grenadines,VCT,1992,926.432032313949
Saint Vincent and the Grenadines,VCT,1997,926.827007739006
Saint Vincent and the Grenadines,VCT,2002,925.112169850594
Saint Vincent and the Grenadines,VCT,2007,921.52309336872
Saint Vincent and the Grenadines,VCT,2012,922.211463088486
Saint Vincent and the Grenadines,VCT,2017,910.531203904358
Sao Tome and Principe,STP,1962,33809.9816991842
Sao Tome and Principe,STP,1967,32040.4473904672
Sao Tome and Principe,STP,1972,27973.8226613628
Sao Tome and Principe,STP,1977,24744.0466731743
Sao Tome and Principe,STP,1982,21914.3931321498
Sao Tome and Principe,STP,1987,19771.6286198859
Sao Tome and Principe,STP,1992,17499.6387689245
Sao Tome and Principe,STP,1997,16049.3554490507
Sao Tome and Principe,STP,2002,14784.6727704307
Sao Tome and Principe,STP,2007,13109.0759304137
Sao Tome and Principe,STP,2012,11571.4937843031
Sao Tome and Principe,STP,2017,10527.0274185604
Saudi Arabia,SAU,1962,550.106949959521
Saudi Arabia,SAU,1967,461.971648799913
Saudi Arabia,SAU,1972,375.412190853927
Saudi Arabia,SAU,1977,292.408526388956
Saudi Arabia,SAU,1982,218.403179731894
Saudi Arabia,SAU,1987,166.139830342159
Saudi Arabia,SAU,1992,138.867303380968
Saudi Arabia,SAU,1997,123.665838826931
Saudi Arabia,SAU,2002,110.064873153444
Saudi Arabia,SAU,2007,95.2963735084182
Saudi Arabia,SAU,2012,82.3189071506524
Saudi Arabia,SAU,2017,72.5049615296227
Senegal,SEN,1962,7617.80357463956
Senegal,SEN,1967,6615.98175014771
Senegal,SEN,1972,5704.32241714693
Senegal,SEN,1977,4979.24830720032
Senegal,SEN,1982,4365.67872597988
Senegal,SEN,1987,3752.32011188313
Senegal,SEN,1992,3228.99992365543
Senegal,SEN,1997,2825.57774303364
Senegal,SEN,2002,2508.82610859483
Senegal,SEN,2007,2207.56633950762
Senegal,SEN,2012,1925.08724450623
Senegal,SEN,2017,1673.22184833424
Serbia,SRB,2007,1138.91621291325
Serbia,SRB,2012,1167.78859289878
Serbia,SRB,2017,1197.43199477899
Sierra Leone,SLE,1962,66980.3860498275
Sierra Leone,SLE,1967,61614.3419703804
Sierra Leone,SLE,1972,56044.6619911407
Sierra Leone,SLE,1977,50465.1785536869
Sierra Leone,SLE,1982,45195.6463033916
Sierra Leone,SLE,1987,39622.0649336306
Sierra Leone,SLE,1992,36800.8386911138
Sierra Leone,SLE,1997,36906.3696934119
Sierra Leone,SLE,2002,32220.5821050915
Sierra Leone,SLE,2007,26712.7862922002
Sierra Leone,SLE,2012,23835.8212468339
Sierra Leone,SLE,2017,21366.3029632258
Singapore,SGP,1962,342.817963661296
Singapore,SGP,1967,303.398058252427
Singapore,SGP,1972,278.758595056681
Singapore,SGP,1977,258.031221777835
Singapore,SGP,1982,226.717441297186
Singapore,SGP,1987,216.232657690369
Singapore,SGP,1992,185.718380362386
Singapore,SGP,1997,158.059534704342
Singapore,SGP,2002,143.679881224632
Singapore,SGP,2007,130.758865614537
Singapore,SGP,2012,112.942515835952
Singapore,SGP,2017,106.908936571462
Slovakia,SVK,1997,2340.57568130722
Slovakia,SVK,2002,2343.35246699221
Slovakia,SVK,2007,2344.35091435267
Slovakia,SVK,2012,2330.06304669798
Slovakia,SVK,2017,2316.50350637737
Slovenia,SVN,1992,9351.37425632282
Slovenia,SVN,1997,9401.01391974445
Slovenia,SVN,2002,9360.60124440344
Slovenia,SVN,2007,9251.17510239718
Slovenia,SVN,2012,9075.62322601219
Slovenia,SVN,2017,9035.08924751789
Small states,,1962,76656.9991173107
Small states,,1967,69654.7972263437
Small states,,1972,63303.5044688456
Small states,,1977,57498.6054124643
Small states,,1982,51753.3716571252
Small states,,1987,46243.8763220584
Small states,,1992,39618.3175843329
Small states,,1997,36101.6473139923
Small states,,2002,33428.8132406661
Small states,,2007,30399.4950572331
Small states,,2012,27401.1908514838
Small states,,2017,25066.4017865851
Solomon Islands,SLB,1962,357485.604606526
Solomon Islands,SLB,1967,307599.143952271
Solomon Islands,SLB,1972,259055.346276442
Solomon Islands,SLB,1977,215022.72891262
Solomon Islands,SLB,1982,181374.796612714
Solomon Islands,SLB,1987,155819.16610602
Solomon Islands,SLB,1992,135452.903601168
Solomon Islands,SLB,1997,117632.1980642
Solomon Islands,SLB,2002,102656.20048044
Solomon Islands,SLB,2007,90829.1051402771
Solomon Islands,SLB,2012,80386.1412134531
Solomon Islands,SLB,2017,70279.7037875572
Somalia,SOM,1962,2087.52650723763
Somalia,SOM,1967,1858.83107407907
Somalia,SOM,1972,1724.24098911659
Somalia,SOM,1977,1249.44451779147
Somalia,SOM,1982,907.984818493835
Somalia,SOM,1987,874.346626267967
Somalia,SOM,1992,822.438310273077
Somalia,SOM,1997,756.036764555787
Somalia,SOM,2002,631.490206376262
Somalia,SOM,2007,541.510283009519
Somalia,SOM,2012,471.865529019848
Somalia,SOM,2017,411.26411278507
South Africa,ZAF,1962,2493.6360793072
South Africa,ZAF,1967,2195.33987168924
South Africa,ZAF,1972,1924.27323356979
South Africa,ZAF,1977,1691.78444173851
South Africa,ZAF,1982,1485.88173548864
South Africa,ZAF,1987,1306.20900912763
South Africa,ZAF,1992,1158.44259907871
South Africa,ZAF,1997,1042.16448630968
South Africa,ZAF,2002,970.728358071703
South Africa,ZAF,2007,912.056462158228
South Africa,ZAF,2012,847.960349676892
South Africa,ZAF,2017,785.830480122602
South Asia,,1962,3345.93902922446
South Asia,,1967,2997.68220407947
South Asia,,1972,2676.59480127845
South Asia,,1977,2383.32447763817
South Asia,,1982,2117.06859866372
South Asia,,1987,1885.64788627095
South Asia,,1992,1688.30648751094
South Asia,,1997,1511.54336570198
South Asia,,2002,1376.07056172756
South Asia,,2007,1264.14284843524
South Asia,,2012,1177.24795270287
South Asia,,2017,1105.58236018998
South Asia (IDA & IBRD),,1962,3345.93902922446
South Asia (IDA & IBRD),,1967,2997.68220407947
South Asia (IDA & IBRD),,1972,2676.59480127845
South Asia (IDA & IBRD),,1977,2383.32447763817
South Asia (IDA & IBRD),,1982,2117.06859866372
South Asia (IDA & IBRD),,1987,1885.64788627095
South Asia (IDA & IBRD),,1992,1688.30648751094
South Asia (IDA & IBRD),,1997,1511.54336570198
South Asia (IDA & IBRD),,2002,1376.07056172756
South Asia (IDA & IBRD),,2007,1264.14284843524
South Asia (IDA & IBRD),,2012,1177.24795270287
South Asia (IDA & IBRD),,2017,1105.58236018998
South Korea,KOR,1962,2445.96713389605
South Korea,KOR,1967,2152.26964218194
South Korea,KOR,1972,1935.50855644012
South Korea,KOR,1977,1781.0162888152
South Korea,KOR,1982,1649.02150090097
South Korea,KOR,1987,1558.08185587851
South Korea,KOR,1992,1482.35476660604
South Korea,KOR,1997,1411.20670032672
South Korea,KOR,2002,1361.11573794847
South Korea,KOR,2007,1332.06971919395
South Korea,KOR,2012,1291.83645219041
South Korea,KOR,2017,1262.60878416303
South Sudan,SSD,2012,2570.78355900858
South Sudan,SSD,2017,2382.96568144478
Spain,ESP,1962,3584.39506531948
Spain,ESP,1967,3402.38595987075
Spain,ESP,1972,3213.4577762196
Spain,ESP,1977,3045.60425363551
Spain,ESP,1982,2927.3933783836
Spain,ESP,1987,2874.51290642078
Spain,ESP,1992,2839.8001567253
Spain,ESP,1997,2776.01717875321
Spain,ESP,2002,2683.94444640484
Spain,ESP,2007,2458.71900341928
Spain,ESP,2012,2377.43718044502
Spain,ESP,2017,2386.61251173883
Sri Lanka,LKA,1962,5100.37499347963
Sri Lanka,LKA,1967,4529.21472166346
Sri Lanka,LKA,1972,4060.84062169624
Sri Lanka,LKA,1977,3699.16407999582
Sri Lanka,LKA,1982,3406.18571066388
Sri Lanka,LKA,1987,3172.32273385005
Sri Lanka,LKA,1992,2976.85713459346
Sri Lanka,LKA,1997,2858.55094097488
Sri Lanka,LKA,2002,2769.83955284717
Sri Lanka,LKA,2007,2661.01617353535
Sri Lanka,LKA,2012,2585.06731946144
Sri Lanka,LKA,2017,2462.22719641858
Sub-Saharan Africa,,1962,18383.7080879178
Sub-Saharan Africa,,1967,16288.9361627775
Sub-Saharan Africa,,1972,14334.3308719914
Sub-Saharan Africa,,1977,12454.824111946
Sub-Saharan Africa,,1982,10763.940336145
Sub-Saharan Africa,,1987,9350.34350033386
Sub-Saharan Africa,,1992,8150.86264865242
Sub-Saharan Africa,,1997,6597.19487783457
Sub-Saharan Africa,,2002,5789.99700901215
Sub-Saharan Africa,,2007,5069.75241791507
Sub-Saharan Africa,,2012,4232.34738566073
Sub-Saharan Africa,,2017,3698.5841113503
Sub-Saharan Africa (IDA & IBRD),,1962,18383.7080879178
Sub-Saharan Africa (IDA & IBRD),,1967,16288.9361627775
Sub-Saharan Africa (IDA & IBRD),,1972,14334.3308719914
Sub-Saharan Africa (IDA & IBRD),,1977,12454.824111946
Sub-Saharan Africa (IDA & IBRD),,1982,10763.940336145
Sub-Saharan Africa (IDA & IBRD),,1987,9350.34350033386
Sub-Saharan Africa (IDA & IBRD),,1992,8150.86264865242
Sub-Saharan Africa (IDA & IBRD),,1997,6597.19487783457
Sub-Saharan Africa (IDA & IBRD),,2002,5789.99700901215
Sub-Saharan Africa (IDA & IBRD),,2007,5069.75241791507
Sub-Saharan Africa (IDA & IBRD),,2012,4232.34738566073
Sub-Saharan Africa (IDA & IBRD),,2017,3698.5841113503
Sub-Saharan Africa (excluding high income),,1962,18383.7080879178
Sub-Saharan Africa (excluding high income),,1967,16288.9361627775
Sub-Saharan Africa (excluding high income),,1972,14334.3308719914
Sub-Saharan Africa (excluding high income),,1977,12454.824111946
Sub-Saharan Africa (excluding high income),,1982,10763.940336145
Sub-Saharan Africa (excluding high income),,1987,9350.34350033386
Sub-Saharan Africa (excluding high income),,1992,8150.86264865242
Sub-Saharan Africa (excluding high income),,1997,6597.19487783457
Sub-Saharan Africa (excluding high income),,2002,5789.99700901215
Sub-Saharan Africa (excluding high income),,2007,5069.75241791507
Sub-Saharan Africa (excluding high income),,2012,4232.34738566073
Sub-Saharan Africa (excluding high income),,2017,3698.5841113503
Sudan,SDN,2012,110.516223767835
Sudan,SDN,2017,98.0070319065323
Suriname,SUR,1962,325771.486110288
Suriname,SUR,1967,284750.325737115
Suriname,SUR,1972,269089.742788259
Suriname,SUR,1977,276807.708116058
Suriname,SUR,1982,274293.693738623
Suriname,SUR,1987,259820.015589201
Suriname,SUR,1992,235345.577642646
Suriname,SUR,1997,217982.451311748
Suriname,SUR,2002,205297.079389832
Suriname,SUR,2007,193669.170020013
Suriname,SUR,2012,182910.944541032
Suriname,SUR,2017,173531.685308177
Sweden,SWE,1962,22614.2974200657
Sweden,SWE,1967,21733.7950726818
Sweden,SWE,1972,21053.1499698361
Sweden,SWE,1977,20723.4043584591
Sweden,SWE,1982,20539.8916526721
Sweden,SWE,1987,20362.466187589
Sweden,SWE,1992,19727.581708817
Sweden,SWE,1997,19330.6354850328
Sweden,SWE,2002,19159.7540290946
Sweden,SWE,2007,18692.4224198882
Sweden,SWE,2012,17963.3660784837
Sweden,SWE,2017,17001.9024233975
Switzerland,CHE,1962,7248.17741528917
Switzerland,CHE,1967,6742.56502861835
Switzerland,CHE,1972,6452.68869482552
Switzerland,CHE,1977,6431.91861903523
Switzerland,CHE,1982,6321.08383431313
Switzerland,CHE,1987,6172.55091055821
Switzerland,CHE,1992,5876.05252609171
Switzerland,CHE,1997,5699.04580481107
Switzerland,CHE,2002,5545.82976251906
Switzerland,CHE,2007,5350.20183106685
Switzerland,CHE,2012,5051.9822715438
Switzerland,CHE,2017,4780.02423140997
Syria,SYR,1962,1462.84562855905
Syria,SYR,1967,1242.35677100118
Syria,SYR,1972,1048.80070257294
Syria,SYR,1977,884.791949832346
Syria,SYR,1982,743.673819574221
Syria,SYR,1987,627.770039701262
Syria,SYR,1992,540.808235329534
Syria,SYR,1997,469.97398668943
Syria,SYR,2002,417.45129013052
Syria,SYR,2007,358.783971854273
Syria,SYR,2012,348.943123591867
Syria,SYR,2017,417.181685022095
Tajikistan,TJK,1992,11532.9605324135
Tajikistan,TJK,1997,10686.372971593
Tajikistan,TJK,2002,9874.18274644496
Tajikistan,TJK,2007,8985.27425970954
Tajikistan,TJK,2012,8058.57847488418
Tajikistan,TJK,2017,7146.17911392334
Tanzania,TZA,1962,7885.8770888421
Tanzania,TZA,1967,6802.61751764712
Tanzania,TZA,1972,5821.87555879609
Tanzania,TZA,1977,4968.87884702135
Tanzania,TZA,1982,4258.9185176104
Tanzania,TZA,1987,3656.75153000225
Tanzania,TZA,1992,3115.58786469625
Tanzania,TZA,1997,2692.92456191808
Tanzania,TZA,2002,2377.26048463851
Tanzania,TZA,2007,2064.82488220174
Tanzania,TZA,2012,1785.21966904875
Tanzania,TZA,2017,1536.76307751076
Thailand,THA,1962,7719.83166296694
Thailand,THA,1967,6646.17965751541
Thailand,THA,1972,5747.77474068831
Thailand,THA,1977,5055.63415746776
Thailand,THA,1982,4557.83063828165
Thailand,THA,1987,4161.57885074135
Thailand,THA,1992,3883.34232095003
Thailand,THA,1997,3689.60704912492
Thailand,THA,2002,3504.02962626613
Thailand,THA,2007,3392.15773022733
Thailand,THA,2012,3309.45372063602
Thailand,THA,2017,3243.75947995932
Timor,TLS,1962,16711.590296496
Timor,TLS,1967,15243.8458655127
Timor,TLS,1972,13687.4463707024
Timor,TLS,1977,13253.9120417801
Timor,TLS,1982,13396.2131848743
Timor,TLS,1987,11966.9325175717
Timor,TLS,1992,10488.9658377639
Timor,TLS,1997,9531.59989325536
Timor,TLS,2002,8903.22846345341
Timor,TLS,2007,7926.56804208462
Timor,TLS,2012,7250.64916037218
Timor,TLS,2017,6607.62833196596
Togo,TGO,1962,7130.62877884572
Togo,TGO,1967,6197.95736883236
Togo,TGO,1972,5116.6188670649
Togo,TGO,1977,4566.29344828216
Togo,TGO,1982,3944.27527886026
Togo,TGO,1987,3312.46194269268
Togo,TGO,1992,2914.41601945512
Togo,TGO,1997,2563.56241549997
Togo,TGO,2002,2212.79805427705
Togo,TGO,2007,1942.44944564182
Togo,TGO,2012,1697.71592252333
Togo,TGO,2017,1493.80214993201
Trinidad and Tobago,TTO,1962,4366.43485142751
Trinidad and Tobago,TTO,1967,4150.30592294049
Trinidad and Tobago,TTO,1972,3966.38488807358
Trinidad and Tobago,TTO,1977,3695.114558174
Trinidad and Tobago,TTO,1982,3428.5132662928
Trinidad and Tobago,TTO,1987,3214.64807975006
Trinidad and Tobago,TTO,1992,3105.0752616875
Trinidad and Tobago,TTO,1997,3048.01093473923
Trinidad and Tobago,TTO,2002,3006.55334674799
Trinidad and Tobago,TTO,2007,2934.7701478849
Trinidad and Tobago,TTO,2012,2855.41346238216
Trinidad and Tobago,TTO,2017,2774.44619452914
Tunisia,TUN,1962,974.340357642138
Tunisia,TUN,1967,884.922896741838
Tunisia,TUN,1972,792.805596319265
Tunisia,TUN,1977,708.619892235722
Tunisia,TUN,1982,622.355545269504
Tunisia,TUN,1987,544.753337117389
Tunisia,TUN,1992,487.006108182689
Tunisia,TUN,1997,446.508447631158
Tunisia,TUN,2002,424.971034602367
Tunisia,TUN,2007,407.094645574862
Tunisia,TUN,2012,386.743127795879
Tunisia,TUN,2017,366.906262140924
Turkey,TUR,1962,7872.96953254434
Turkey,TUR,1967,6989.3479258602
Turkey,TUR,1972,6204.34425998531
Turkey,TUR,1977,5522.00055025398
Turkey,TUR,1982,4932.05807548356
Turkey,TUR,1987,4442.18921260337
Turkey,TUR,1992,4071.82586016963
Turkey,TUR,1997,3759.98563983634
Turkey,TUR,2002,3484.51540452837
Turkey,TUR,2007,3262.34480616168
Turkey,TUR,2012,3040.81472615936
Turkey,TUR,2017,2798.44590340867
Turkmenistan,TKM,1992,360.270913470106
Turkmenistan,TKM,1997,322.608421113056
Turkmenistan,TKM,2002,304.771044277918
Turkmenistan,TKM,2007,288.492614794394
Turkmenistan,TKM,2012,266.709390790193
Turkmenistan,TKM,2017,244.022448675827
Uganda,UGA,1962,5404.80686892747
Uganda,UGA,1967,4561.16664818809
Uganda,UGA,1972,3927.63325653971
Uganda,UGA,1977,3430.49612538657
Uganda,UGA,1982,2949.63141330228
Uganda,UGA,1987,2497.95775940619
Uganda,UGA,1992,2101.10427575798
Uganda,UGA,1997,1800.9371522806
Uganda,UGA,2002,1549.6322782205
Uganda,UGA,2007,1322.64657509996
Uganda,UGA,2012,1128.51467213755
Uganda,UGA,2017,947.37023141194
Ukraine,UKR,1992,1056.55948947659
Ukraine,UKR,1997,1089.04902894775
Ukraine,UKR,2002,1143.09494928372
Ukraine,UKR,2007,1184.707893713
Ukraine,UKR,2012,1208.50978636311
Ukraine,UKR,2017,1229.05654741956
United Arab Emirates,ARE,1962,1337.9477665192
United Arab Emirates,ARE,1967,883.558738984968
United Arab Emirates,ARE,1972,453.216020884194
United Arab Emirates,ARE,1977,203.985329375111
United Arab Emirates,ARE,1982,128.775703630445
United Arab Emirates,ARE,1987,97.8137964403603
United Arab Emirates,ARE,1992,73.0676528526586
United Arab Emirates,ARE,1997,56.1511529141887
United Arab Emirates,ARE,2002,43.1187008967827
United Arab Emirates,ARE,2007,24.3157310135478
United Arab Emirates,ARE,2012,16.4085097594534
United Arab Emirates,ARE,2017,15.8107666261279
United Kingdom,GBR,1962,2723.00469483568
United Kingdom,GBR,1967,2639.06988257049
United Kingdom,GBR,1972,2585.3124122721
United Kingdom,GBR,1977,2580.36998305782
United Kingdom,GBR,1982,2574.8645874274
United Kingdom,GBR,1987,2552.72476961659
United Kingdom,GBR,1992,2518.21791726984
United Kingdom,GBR,1997,2486.41244191183
United Kingdom,GBR,2002,2442.29122692441
United Kingdom,GBR,2007,2364.54951263128
United Kingdom,GBR,2012,2276.28745052116
United Kingdom,GBR,2017,2195.0121784574
United States,USA,1962,15106.8415014635
United States,USA,1967,14181.3277507146
United States,USA,1972,13425.6965354271
United States,USA,1977,12795.1906792167
United States,USA,1982,12164.1687961876
United States,USA,1987,11630.7384982397
United States,USA,1992,10985.7551634609
United States,USA,1997,10335.3297366288
United States,USA,2002,9797.47278257368
United States,USA,2007,9354.94043948773
United States,USA,2012,8978.02023260897
United States,USA,2017,8667.51216638198
Upper middle income,,1962,15929.2635352363
Upper middle income,,1967,14037.2179093567
Upper middle income,,1972,12324.3698750889
Upper middle income,,1977,11167.4597127498
Upper middle income,,1982,10301.2094822275
Upper middle income,,1987,9488.7536084717
Upper middle income,,1992,10147.6398963786
Upper middle income,,1997,9592.68687851968
Upper middle income,,2002,9174.02533676135
Upper middle income,,2007,8825.47842824165
Upper middle income,,2012,8522.82081914878
Upper middle income,,2017,8212.83368959491
Uruguay,URY,1962,35408.6569941891
Uruguay,URY,1967,33526.1633160503
Uruguay,URY,1972,32678.1401672469
Uruguay,URY,1977,32272.0880040939
Uruguay,URY,1982,31213.4798899877
Uruguay,URY,1987,30233.6616079389
Uruguay,URY,1992,29228.466751351
Uruguay,URY,1997,28194.3563583166
Uruguay,URY,2002,27720.6027818016
Uruguay,URY,2007,27673.1198261096
Uruguay,URY,2012,27286.3812250757
Uruguay,URY,2017,26828.4911592556
Uzbekistan,UZB,1992,761.807077253019
Uzbekistan,UZB,1997,690.412811087168
Uzbekistan,UZB,2002,646.569206449073
Uzbekistan,UZB,2007,608.158404049427
Uzbekistan,UZB,2012,548.791751330837
Uzbekistan,UZB,2017,504.49849638453
Vanuatu,VUT,1962,147507.854793268
Vanuatu,VUT,1967,127380.421629196
Vanuatu,VUT,1972,110129.732825268
Vanuatu,VUT,1977,94156.6389846148
Vanuatu,VUT,1982,82373.6799617786
Vanuatu,VUT,1987,73488.8848061731
Vanuatu,VUT,1992,64442.9550961489
Vanuatu,VUT,1997,57169.9720438837
Vanuatu,VUT,2002,51565.7953766108
Vanuatu,VUT,2007,45565.5597273357
Vanuatu,VUT,2012,40079.3571271117
Vanuatu,VUT,2017,35026.3923866633
Venezuela,VEN,1962,92075.9758337737
Venezuela,VEN,1967,77704.6453188357
Venezuela,VEN,1972,66541.5960196057
Venezuela,VEN,1977,57646.681982304
Venezuela,VEN,1982,50257.3111901493
Venezuela,VEN,1987,44151.3622779426
Venezuela,VEN,1992,39158.0884509712
Venezuela,VEN,1997,35248.667085885
Venezuela,VEN,2002,32071.193108542
Venezuela,VEN,2007,29543.8853497598
Venezuela,VEN,2012,27417.4838467595
Venezuela,VEN,2017,27378.6428899875
Vietnam,VNM,1962,10362.3028992824
Vietnam,VNM,1967,8968.64321272471
Vietnam,VNM,1972,7890.49451402062
Vietnam,VNM,1977,7066.29494101649
Vietnam,VNM,1982,6325.87118150112
Vietnam,VNM,1987,5641.89737668098
Vietnam,VNM,1992,5070.29225198399
Vietnam,VNM,1997,4659.47146087991
Vietnam,VNM,2002,4407.95509076254
Vietnam,VNM,2007,4207.46585666042
Vietnam,VNM,2012,4002.1413349197
Vietnam,VNM,2017,3799.12851120896
World,OWID_WRL,1962,13406.9225986972
World,OWID_WRL,1967,12065.3453016843
World,OWID_WRL,1972,10840.7519342872
World,OWID_WRL,1977,9852.61381348904
World,OWID_WRL,1982,9002.13834794878
World,OWID_WRL,1987,8228.48851750699
World,OWID_WRL,1992,8018.88935522539
World,OWID_WRL,1997,7374.27817924656
World,OWID_WRL,2002,7002.59446331924
World,OWID_WRL,2007,6575.90007713317
World,OWID_WRL,2012,6072.4000627568
World,OWID_WRL,2017,5732.01261083656
Yemen,YEM,1962,383.654772089883
Yemen,YEM,1967,355.45787798756
Yemen,YEM,1972,328.609030833385
Yemen,YEM,1977,292.533215057047
Yemen,YEM,1982,245.855433492886
Yemen,YEM,1987,203.44807675689
Yemen,YEM,1992,162.110124186391
Yemen,YEM,1997,131.449836614113
Yemen,YEM,2002,113.860116015868
Yemen,YEM,2007,98.6725534398803
Yemen,YEM,2012,85.8082334716181
Yemen,YEM,2017,75.4450964297907
Zambia,ZMB,1962,24596.3605360289
Zambia,ZMB,1967,21117.060926407
Zambia,ZMB,1972,17957.2206163223
Zambia,ZMB,1977,15167.7224813637
Zambia,ZMB,1982,12799.5015535754
Zambia,ZMB,1987,10877.7695418384
Zambia,ZMB,1992,9489.61266051585
Zambia,ZMB,1997,8356.24702399868
Zambia,ZMB,2002,7309.71232909674
Zambia,ZMB,2007,6414.48207696131
Zambia,ZMB,2012,5544.36083198043
Zambia,ZMB,2017,4758.62497810558
Zimbabwe,ZWE,1962,3035.24774281301
Zimbabwe,ZWE,1967,2564.94746146564
Zimbabwe,ZWE,1972,2160.76591925785
Zimbabwe,ZWE,1977,1826.35477611885
Zimbabwe,ZWE,1982,1540.54182087268
Zimbabwe,ZWE,1987,1286.84161414862
Zimbabwe,ZWE,1992,1124.71791460052
Zimbabwe,ZWE,1997,1052.0666588062
Zimbabwe,ZWE,2002,1025.57298871627
Zimbabwe,ZWE,2007,1000.3329003453
Zimbabwe,ZWE,2012,934.796852098287
Zimbabwe,ZWE,2017,861.160730873996